train/episode,stats_g/std,stats_g/mean,test/mean_Q,test/episode,stats_o/mean,train/success_rate,stats_o/std,epoch,test/success_rate
100.0,0.019273039,0.67421025,-2.779821,20.0,0.31632054,0.0,0.70160234,0,0.0
200.0,0.018492403,0.67376995,-1.9715096,40.0,0.30499753,0.0,0.73424864,1,0.0
300.0,0.018492935,0.6735179,-2.1937888,60.0,0.29827884,0.0,0.7752922,2,0.0
400.0,0.018370258,0.6737805,-2.4704738,80.0,0.29928696,0.0,0.79334825,3,0.0
500.0,0.018310118,0.67389286,-2.7547126,100.0,0.30016884,0.0,0.8065663,4,0.1
600.0,0.018293984,0.6739778,-2.6263137,120.0,0.2995115,0.0,0.81429666,5,0.1
700.0,0.018680848,0.674357,-2.371219,140.0,0.30127233,0.0,0.8186209,6,0.1
800.0,0.019126454,0.6737409,-3.2733464,160.0,0.3023595,0.0,0.8230284,7,0.0
900.0,0.01912133,0.6737524,-4.097689,180.0,0.3026745,0.0,0.82501274,8,0.0
1000.0,0.019289017,0.6734919,-4.0243287,200.0,0.30239722,0.0,0.8244799,9,0.05
1100.0,0.01925016,0.673385,-2.9321852,220.0,0.30146965,0.0,0.8265299,10,0.0
1200.0,0.019099465,0.67326516,-2.139405,240.0,0.300913,0.01,0.827377,11,0.15
1300.0,0.018974287,0.6731936,-3.3167949,260.0,0.3003835,0.01,0.8264832,12,0.15
1400.0,0.018860517,0.6731571,-2.1325078,280.0,0.29966283,0.02,0.82605207,13,0.1
1500.0,0.018742811,0.6732932,-5.0721755,300.0,0.29986674,0.0,0.82653105,14,0.05
1600.0,0.018713411,0.67336637,-2.7326572,320.0,0.29892159,0.01,0.8264739,15,0.15
1700.0,0.018582944,0.6733501,-3.7673676,340.0,0.29828107,0.0,0.8260105,16,0.05
1800.0,0.018516572,0.673384,-5.8748794,360.0,0.2979001,0.01,0.8242809,17,0.05
1900.0,0.018455824,0.67348033,-7.51431,380.0,0.29823226,0.0,0.8236191,18,0.15
2000.0,0.01845287,0.67352736,-5.1292343,400.0,0.2979018,0.0,0.82315314,19,0.05
2100.0,0.018642375,0.6736857,-5.1297026,420.0,0.29780707,0.01,0.82335407,20,0.2
2200.0,0.018673126,0.6736557,-4.3593836,440.0,0.29772058,0.01,0.8243357,21,0.05
2300.0,0.018658908,0.67361236,-7.0157137,460.0,0.29781544,0.0,0.82402116,22,0.1
2400.0,0.018630732,0.6736574,-10.2524185,480.0,0.29799256,0.0,0.82389504,23,0.05
2500.0,0.018619895,0.67367613,-3.6902268,500.0,0.29766428,0.01,0.8233234,24,0.0
2600.0,0.018596424,0.6737296,-6.8268204,520.0,0.2978358,0.0,0.8232361,25,0.1
2700.0,0.018629853,0.6737804,-6.8979163,540.0,0.2980098,0.01,0.8232614,26,0.25
2800.0,0.018611722,0.6737808,-6.1533217,560.0,0.2982465,0.0,0.82387495,27,0.1
2900.0,0.018566964,0.67378217,-8.503844,580.0,0.2987427,0.0,0.82385325,28,0.05
3000.0,0.018530238,0.6738092,-5.128783,600.0,0.2988859,0.0,0.82374436,29,0.1
3100.0,0.018530874,0.67379415,-9.570307,620.0,0.29883143,0.0,0.8233518,30,0.1
3200.0,0.018518819,0.67380613,-4.598762,640.0,0.29880834,0.01,0.8224959,31,0.15
3300.0,0.018544199,0.6738212,-11.270918,660.0,0.29875976,0.01,0.8218699,32,0.1
3400.0,0.01857776,0.6738134,-9.238538,680.0,0.2988361,0.0,0.82143134,33,0.1
3500.0,0.018660994,0.67382187,-11.324726,700.0,0.29874855,0.01,0.8213543,34,0.1
3600.0,0.018779177,0.6738531,-6.928341,720.0,0.29883137,0.0,0.8209299,35,0.2
3700.0,0.018886605,0.6739218,-8.861781,740.0,0.29892236,0.0,0.8211307,36,0.25
3800.0,0.018928224,0.67400897,-11.990457,760.0,0.2989725,0.01,0.8213913,37,0.1
3900.0,0.018963635,0.67400944,-9.955355,780.0,0.29896748,0.0,0.8215915,38,0.1
4000.0,0.019024896,0.67400485,-11.974411,800.0,0.29910773,0.0,0.82160324,39,0.1
4100.0,0.019039165,0.67404354,-6.3665376,820.0,0.2994581,0.0,0.82182366,40,0.0
4200.0,0.019122984,0.6739976,-10.037428,840.0,0.2993823,0.0,0.822272,41,0.05
4300.0,0.01928628,0.6740539,-3.8790565,860.0,0.2990255,0.0,0.8232123,42,0.05
4400.0,0.019273844,0.6740857,-11.641035,880.0,0.2989147,0.0,0.8234281,43,0.1
4500.0,0.019252965,0.6740822,-3.9459434,900.0,0.29867417,0.01,0.823792,44,0.1
4600.0,0.01923129,0.67407095,-7.366212,920.0,0.29846776,0.0,0.82376313,45,0.0
4700.0,0.01921511,0.6740715,-7.9450636,940.0,0.29821086,0.0,0.8235192,46,0.15
4800.0,0.019198155,0.6740397,-8.10177,960.0,0.29815617,0.01,0.8231273,47,0.1
4900.0,0.019228052,0.67401606,-6.2671523,980.0,0.29818162,0.0,0.82305104,48,0.15
5000.0,0.019339036,0.67395294,-6.379663,1000.0,0.29802525,0.0,0.822983,49,0.1
5100.0,0.019359387,0.673896,-6.16393,1020.0,0.29815537,0.02,0.8231185,50,0.05
5200.0,0.019365052,0.67386097,-9.570996,1040.0,0.2983421,0.0,0.8232451,51,0.1
5300.0,0.019366147,0.6738573,-7.2946043,1060.0,0.29848462,0.01,0.82329196,52,0.05
5400.0,0.019377083,0.67391294,-7.500982,1080.0,0.29853418,0.0,0.82316536,53,0.15
5500.0,0.019435668,0.67396086,-13.942835,1100.0,0.2985987,0.01,0.8233216,54,0.1
5600.0,0.019450705,0.67402107,-7.657157,1120.0,0.2987621,0.0,0.8228373,55,0.05
5700.0,0.01942298,0.67402846,-13.522372,1140.0,0.2987699,0.0,0.82257444,56,0.05
5800.0,0.01940886,0.6740351,-10.468084,1160.0,0.2989986,0.0,0.8226596,57,0.15
5900.0,0.019406097,0.6740428,-11.844255,1180.0,0.29900354,0.0,0.82227886,58,0.15
6000.0,0.019412676,0.67404896,-8.810099,1200.0,0.29915413,0.01,0.82214725,59,0.3
6100.0,0.019381884,0.67404264,-13.981665,1220.0,0.29920316,0.01,0.8218429,60,0.05
6200.0,0.01936244,0.67406666,-7.4100275,1240.0,0.29932055,0.02,0.8217609,61,0.35
6300.0,0.019370515,0.67410946,-6.4087434,1260.0,0.29942048,0.0,0.82153636,62,0.15
6400.0,0.019365484,0.6741248,-6.690551,1280.0,0.2993129,0.01,0.82131225,63,0.1
6500.0,0.019336836,0.674134,-13.545934,1300.0,0.2993441,0.0,0.8210776,64,0.05
6600.0,0.019340893,0.67416155,-15.778036,1320.0,0.29938433,0.0,0.8205631,65,0.15
6700.0,0.019328622,0.674179,-10.311272,1340.0,0.29940793,0.01,0.8204087,66,0.15
6800.0,0.019312378,0.67419785,-7.011556,1360.0,0.29956785,0.01,0.82014567,67,0.45
6900.0,0.019297708,0.67421263,-10.346108,1380.0,0.2996545,0.01,0.81993526,68,0.45
7000.0,0.019302351,0.6742341,-12.300608,1400.0,0.2997111,0.0,0.8197692,69,0.15
7100.0,0.019348038,0.67430127,-11.542467,1420.0,0.29980636,0.0,0.81991494,70,0.15
7200.0,0.019340744,0.67433417,-10.240366,1440.0,0.29985535,0.0,0.81945276,71,0.25
7300.0,0.019340906,0.6743793,-12.615466,1460.0,0.2999603,0.0,0.8195774,72,0.1
7400.0,0.019353267,0.67439246,-15.197844,1480.0,0.3000551,0.0,0.819505,73,0.0
7500.0,0.01934334,0.67439014,-13.846998,1500.0,0.30015153,0.0,0.81913674,74,0.0
7600.0,0.019349134,0.6744083,-9.859687,1520.0,0.3002914,0.0,0.81892943,75,0.35
7700.0,0.019384809,0.67445254,-21.80231,1540.0,0.30045217,0.0,0.8187341,76,0.05
7800.0,0.019388767,0.67445827,-15.230621,1560.0,0.30053186,0.02,0.8186506,77,0.15
7900.0,0.019383188,0.674449,-18.131216,1580.0,0.3004205,0.01,0.8186013,78,0.2
8000.0,0.019395238,0.67441815,-15.171438,1600.0,0.3003935,0.01,0.8183645,79,0.1
8100.0,0.019396843,0.6743998,-11.172351,1620.0,0.3004241,0.0,0.81829184,80,0.1
8200.0,0.019380314,0.67439634,-14.433742,1640.0,0.30048832,0.01,0.81828,81,0.2
8300.0,0.01937097,0.6744037,-15.340962,1660.0,0.30052978,0.0,0.8182046,82,0.3
8400.0,0.019357594,0.6743924,-25.286716,1680.0,0.30051225,0.01,0.8180763,83,0.1
8500.0,0.019383065,0.67444915,-17.729574,1700.0,0.3006829,0.0,0.81784695,84,0.1
8600.0,0.019396175,0.674474,-16.136642,1720.0,0.3007,0.0,0.81761265,85,0.15
8700.0,0.019408314,0.67446554,-15.690562,1740.0,0.30063373,0.02,0.8175741,86,0.1
8800.0,0.019424688,0.6744869,-18.328953,1760.0,0.3007544,0.0,0.8174331,87,0.05
8900.0,0.0194131,0.6744766,-15.398865,1780.0,0.30075392,0.01,0.8170453,88,0.25
9000.0,0.019401304,0.6744472,-17.830097,1800.0,0.30082405,0.01,0.81694496,89,0.2
9100.0,0.019392753,0.67445976,-18.735966,1820.0,0.3008799,0.0,0.8167684,90,0.2
9200.0,0.019364562,0.67446166,-14.701258,1840.0,0.30081832,0.01,0.81662977,91,0.1
9300.0,0.019341495,0.6744645,-19.601337,1860.0,0.30090442,0.0,0.8166461,92,0.1
9400.0,0.019343315,0.67447716,-22.127441,1880.0,0.30096474,0.0,0.8166358,93,0.1
9500.0,0.019356964,0.6745061,-16.231531,1900.0,0.3009676,0.0,0.8164312,94,0.1
9600.0,0.01934039,0.67452264,-18.961508,1920.0,0.3010781,0.01,0.81628686,95,0.05
9700.0,0.019326977,0.67452234,-17.91833,1940.0,0.30106992,0.0,0.81623304,96,0.05
9800.0,0.019310504,0.6745266,-19.019505,1960.0,0.3011104,0.0,0.81604433,97,0.15
9900.0,0.019291226,0.67452455,-8.15764,1980.0,0.30109513,0.0,0.81582975,98,0.15
10000.0,0.019276828,0.6745196,-16.844875,2000.0,0.30111495,0.0,0.81589776,99,0.1
10100.0,0.019258339,0.6745006,-15.746287,2020.0,0.30104297,0.01,0.8156854,100,0.15
10200.0,0.019252492,0.67449784,-20.51602,2040.0,0.30110556,0.0,0.81552625,101,0.2
10300.0,0.019254543,0.674492,-26.448963,2060.0,0.30108827,0.01,0.8153718,102,0.0
10400.0,0.019268334,0.67449987,-21.859701,2080.0,0.30112106,0.0,0.81531066,103,0.05
10500.0,0.019271918,0.67451274,-24.033705,2100.0,0.3011637,0.0,0.8152131,104,0.1
10600.0,0.019273786,0.6745311,-18.846584,2120.0,0.3011897,0.0,0.815292,105,0.05
10700.0,0.019297885,0.67454916,-13.678957,2140.0,0.30129296,0.02,0.81521374,106,0.1
10800.0,0.01929483,0.6745688,-19.070868,2160.0,0.30130434,0.01,0.81511337,107,0.15
10900.0,0.019292353,0.674578,-21.20839,2180.0,0.30131543,0.0,0.8149867,108,0.15
11000.0,0.019289015,0.6745584,-12.698507,2200.0,0.30133015,0.0,0.81503,109,0.15
11100.0,0.01928972,0.67455673,-20.083166,2220.0,0.3013045,0.01,0.8148741,110,0.05
11200.0,0.019283284,0.67457086,-21.866598,2240.0,0.3013646,0.0,0.81485796,111,0.15
11300.0,0.019294647,0.6745627,-19.33128,2260.0,0.30134547,0.0,0.8148392,112,0.1
11400.0,0.019338535,0.6745442,-21.307001,2280.0,0.30138287,0.0,0.81496215,113,0.05
11500.0,0.019344764,0.6745368,-19.239653,2300.0,0.30144835,0.0,0.8150948,114,0.15
11600.0,0.019332133,0.6745198,-13.044375,2320.0,0.3014365,0.0,0.81504047,115,0.1
11700.0,0.019322531,0.67452323,-16.091995,2340.0,0.3014412,0.0,0.8148858,116,0.2
11800.0,0.019320216,0.67450213,-10.854195,2360.0,0.30140084,0.02,0.8147376,117,0.15
11900.0,0.019307856,0.6744837,-25.06947,2380.0,0.30143237,0.01,0.8148743,118,0.1
12000.0,0.019317104,0.67447585,-20.358225,2400.0,0.30150798,0.01,0.8149805,119,0.1
12100.0,0.019313179,0.6744757,-13.372312,2420.0,0.30153647,0.0,0.8150492,120,0.15
12200.0,0.019318586,0.6744902,-12.187341,2440.0,0.3016213,0.0,0.8151929,121,0.05
12300.0,0.019320546,0.6744793,-19.485226,2460.0,0.30172104,0.0,0.8153351,122,0.1
12400.0,0.019313602,0.6744656,-21.400251,2480.0,0.30170873,0.0,0.81532556,123,0.15
12500.0,0.019324178,0.6744395,-18.271862,2500.0,0.30173028,0.02,0.81539506,124,0.05
12600.0,0.01932635,0.6744336,-16.844984,2520.0,0.30173945,0.0,0.81537557,125,0.15
12700.0,0.01931892,0.67441577,-12.628178,2540.0,0.3017275,0.02,0.81526196,126,0.0
12800.0,0.019309103,0.67439824,-22.499063,2560.0,0.3017127,0.01,0.81518954,127,0.05
12900.0,0.019310834,0.67437214,-17.922873,2580.0,0.3016537,0.0,0.8150771,128,0.1
13000.0,0.0193141,0.67435783,-18.480457,2600.0,0.3017052,0.0,0.8150455,129,0.1
13100.0,0.019301109,0.6743506,-13.042702,2620.0,0.3016942,0.0,0.81499815,130,0.15
13200.0,0.019282384,0.6743465,-14.952701,2640.0,0.3016432,0.0,0.81483525,131,0.2
13300.0,0.01927918,0.67434657,-19.812654,2660.0,0.30160192,0.01,0.8147192,132,0.0
13400.0,0.01929644,0.67435104,-18.378574,2680.0,0.30155158,0.0,0.8145787,133,0.15
13500.0,0.019293033,0.6743499,-16.24194,2700.0,0.30154848,0.0,0.8145294,134,0.0
13600.0,0.019283948,0.6743546,-13.434431,2720.0,0.30154848,0.0,0.81460553,135,0.1
13700.0,0.019286232,0.67434406,-15.647448,2740.0,0.3015234,0.0,0.815293,136,0.15
13800.0,0.019293139,0.67434144,-17.912704,2760.0,0.30143175,0.0,0.8156934,137,0.1
13900.0,0.01929161,0.6743277,-14.527471,2780.0,0.30136764,0.0,0.81592405,138,0.05
14000.0,0.019302148,0.67434025,-18.298649,2800.0,0.30138123,0.0,0.8160601,139,0.15
14100.0,0.019290097,0.67435485,-18.857002,2820.0,0.30139017,0.0,0.81595623,140,0.05
14200.0,0.01927421,0.6743581,-21.152899,2840.0,0.30138403,0.0,0.8158416,141,0.05
14300.0,0.019265996,0.67437303,-22.359562,2860.0,0.30137122,0.01,0.8157869,142,0.1
14400.0,0.01925594,0.6743793,-24.795101,2880.0,0.3013468,0.01,0.81585175,143,0.0
14500.0,0.01924981,0.67439103,-15.977597,2900.0,0.3012983,0.01,0.8158301,144,0.0
14600.0,0.019235758,0.67440337,-15.658447,2920.0,0.30131462,0.0,0.815713,145,0.1
14700.0,0.019229528,0.6744181,-19.617569,2940.0,0.3013359,0.0,0.81561506,146,0.0
14800.0,0.019219931,0.67441744,-16.735405,2960.0,0.3013153,0.0,0.815652,147,0.1
14900.0,0.019223472,0.6744325,-21.95112,2980.0,0.30135882,0.0,0.8156062,148,0.1
15000.0,0.019216603,0.67442924,-21.043468,3000.0,0.30133578,0.0,0.8154471,149,0.0
15100.0,0.019211276,0.67442703,-18.990435,3020.0,0.30136633,0.0,0.8153628,150,0.15
15200.0,0.019221002,0.67443717,-21.049513,3040.0,0.3014773,0.0,0.81555504,151,0.15
15300.0,0.019241232,0.67441946,-19.098286,3060.0,0.3015332,0.0,0.8155059,152,0.2
15400.0,0.019257419,0.674408,-21.269032,3080.0,0.30160883,0.0,0.8157539,153,0.05
15500.0,0.01926176,0.674403,-17.8641,3100.0,0.30170032,0.0,0.8161047,154,0.25
15600.0,0.019279879,0.67439234,-21.713009,3120.0,0.3017708,0.01,0.8163148,155,0.1
15700.0,0.019299898,0.6743769,-19.405462,3140.0,0.30180523,0.0,0.8166708,156,0.1
15800.0,0.019309577,0.67436063,-13.360708,3160.0,0.30177462,0.0,0.8169521,157,0.25
15900.0,0.019336836,0.6743672,-19.677921,3180.0,0.30179888,0.0,0.8172501,158,0.1
16000.0,0.019367462,0.6743969,-15.594088,3200.0,0.30179316,0.0,0.817641,159,0.1
16100.0,0.019400116,0.6744302,-16.216263,3220.0,0.3018069,0.0,0.8178093,160,0.15
16200.0,0.0194756,0.6744722,-15.966631,3240.0,0.30179805,0.0,0.8182848,161,0.15
16300.0,0.019531783,0.67451215,-15.830686,3260.0,0.3018229,0.0,0.81879807,162,0.1
16400.0,0.019559043,0.6745284,-16.913158,3280.0,0.30186772,0.0,0.81929106,163,0.05
16500.0,0.019604312,0.67453057,-15.200796,3300.0,0.30192795,0.0,0.81978756,164,0.25
16600.0,0.019628398,0.6745444,-14.559329,3320.0,0.30197784,0.01,0.8203893,165,0.05
16700.0,0.01964391,0.6745333,-12.085073,3340.0,0.30193183,0.0,0.820463,166,0.15
16800.0,0.019664306,0.67452633,-17.361103,3360.0,0.30186263,0.01,0.82043475,167,0.05
16900.0,0.019692477,0.6745183,-11.66881,3380.0,0.3017236,0.0,0.8203691,168,0.15
17000.0,0.01973792,0.6744882,-16.579872,3400.0,0.30167553,0.0,0.8202108,169,0.1
17100.0,0.019762155,0.6744676,-12.312689,3420.0,0.30169973,0.0,0.8201009,170,0.25
17200.0,0.019761108,0.6744453,-11.779703,3440.0,0.30162972,0.0,0.82000095,171,0.2
17300.0,0.01976937,0.6744107,-10.663541,3460.0,0.30163082,0.0,0.8201241,172,0.25
17400.0,0.019780496,0.67440474,-15.551883,3480.0,0.30161718,0.0,0.8200767,173,0.15
17500.0,0.019809762,0.67438775,-20.537666,3500.0,0.3016209,0.01,0.82008785,174,0.05
17600.0,0.019834606,0.67440164,-17.79927,3520.0,0.30161723,0.0,0.82006174,175,0.0
17700.0,0.019867029,0.67443866,-24.301632,3540.0,0.30171514,0.0,0.82014763,176,0.0
17800.0,0.019863183,0.6744341,-17.101065,3560.0,0.3017091,0.0,0.82035786,177,0.2
17900.0,0.019867044,0.6744181,-11.0737505,3580.0,0.30169284,0.0,0.8204724,178,0.3
18000.0,0.019892266,0.674405,-8.950796,3600.0,0.30174285,0.01,0.8209647,179,0.05
18100.0,0.019881172,0.67440605,-11.5259905,3620.0,0.30176872,0.01,0.82112765,180,0.05
18200.0,0.019877316,0.674404,-11.767821,3640.0,0.3018143,0.0,0.8210568,181,0.05
18300.0,0.01987735,0.6743973,-17.502804,3660.0,0.3018197,0.0,0.82107633,182,0.0
18400.0,0.019863702,0.67439663,-11.090813,3680.0,0.30182043,0.0,0.8210535,183,0.15
18500.0,0.019855104,0.67439425,-8.774813,3700.0,0.30178997,0.0,0.82095486,184,0.1
18600.0,0.019841295,0.6743985,-7.4441996,3720.0,0.30177307,0.0,0.8208161,185,0.05
18700.0,0.019826513,0.6744047,-9.139936,3740.0,0.3017662,0.0,0.8206144,186,0.0
18800.0,0.01981811,0.67441326,-10.506236,3760.0,0.30176193,0.0,0.8204268,187,0.0
18900.0,0.019812351,0.6744192,-14.673941,3780.0,0.30172902,0.02,0.82019794,188,0.1
19000.0,0.019799745,0.67442524,-17.891584,3800.0,0.3017165,0.0,0.82008797,189,0.05
19100.0,0.019787917,0.6744296,-12.340431,3820.0,0.30171266,0.0,0.8199319,190,0.1
19200.0,0.019780636,0.6744344,-7.2414827,3840.0,0.30168077,0.01,0.81985986,191,0.15
19300.0,0.019767249,0.67443746,-12.436728,3860.0,0.30163857,0.01,0.8197575,192,0.35
19400.0,0.019759987,0.6744464,-12.139361,3880.0,0.30162865,0.0,0.81961864,193,0.15
19500.0,0.019740919,0.67443746,-13.740843,3900.0,0.30160508,0.0,0.819453,194,0.0
19600.0,0.019726964,0.67443335,-11.088273,3920.0,0.3015523,0.0,0.8192033,195,0.2
19700.0,0.019714145,0.6744332,-18.464584,3940.0,0.30155405,0.01,0.81896615,196,0.05
19800.0,0.019698037,0.67444146,-15.271716,3960.0,0.30160415,0.0,0.81877965,197,0.05
19900.0,0.01968943,0.6744457,-14.005426,3980.0,0.30165926,0.01,0.8186625,198,0.25
20000.0,0.019675286,0.6744468,-19.563938,4000.0,0.30163988,0.0,0.8184934,199,0.1
20100.0,0.019655753,0.6744501,-7.645968,4020.0,0.30164167,0.0,0.8183099,200,0.05
20200.0,0.019643206,0.6744472,-16.05513,4040.0,0.3016226,0.03,0.818101,201,0.0
20300.0,0.019636648,0.6744526,-14.915726,4060.0,0.3016229,0.0,0.8178945,202,0.05
20400.0,0.019627498,0.67446214,-13.36915,4080.0,0.30164716,0.0,0.81778914,203,0.2
20500.0,0.019620733,0.6744702,-13.697293,4100.0,0.30164823,0.0,0.81761235,204,0.15
20600.0,0.019616606,0.6744805,-9.996045,4120.0,0.30170527,0.0,0.81748635,205,0.1
20700.0,0.019610446,0.67448866,-11.748123,4140.0,0.30171943,0.01,0.81723785,206,0.0
20800.0,0.019604174,0.67448294,-21.322079,4160.0,0.30175167,0.0,0.81713355,207,0.05
20900.0,0.019593518,0.67448384,-17.052921,4180.0,0.3017668,0.0,0.81702787,208,0.2
21000.0,0.01957888,0.67447674,-10.534944,4200.0,0.30172226,0.01,0.8169371,209,0.05
21100.0,0.019563932,0.67447245,-24.424213,4220.0,0.3017063,0.01,0.81678784,210,0.1
21200.0,0.019554546,0.6744679,-20.294258,4240.0,0.30170804,0.0,0.816658,211,0.05
21300.0,0.019553369,0.6744818,-14.775012,4260.0,0.30170935,0.0,0.8165845,212,0.05
21400.0,0.019546062,0.6744852,-20.48731,4280.0,0.3017377,0.0,0.8164549,213,0.15
21500.0,0.019533757,0.67449373,-14.137514,4300.0,0.30172008,0.0,0.8163812,214,0.1
21600.0,0.019521212,0.67449623,-14.21961,4320.0,0.30170828,0.0,0.81626576,215,0.1
21700.0,0.019508582,0.6745059,-7.32209,4340.0,0.301731,0.0,0.816165,216,0.1
21800.0,0.019505654,0.6745081,-17.170538,4360.0,0.30173093,0.0,0.81605,217,0.1
21900.0,0.019496506,0.674505,-13.450191,4380.0,0.30171904,0.03,0.8158879,218,0.1
22000.0,0.019485606,0.67450416,-9.770512,4400.0,0.30175728,0.01,0.81571454,219,0.2
22100.0,0.01947761,0.67450255,-16.091042,4420.0,0.30176696,0.0,0.8155675,220,0.05
22200.0,0.01947378,0.6745037,-25.762814,4440.0,0.30178857,0.0,0.8154398,221,0.0
22300.0,0.019467516,0.6745006,-8.923654,4460.0,0.30178824,0.01,0.8153647,222,0.3
22400.0,0.019461133,0.6744945,-5.8631735,4480.0,0.3017938,0.01,0.8153218,223,0.15
22500.0,0.019452794,0.67449176,-15.785161,4500.0,0.30183178,0.0,0.81525224,224,0.0
22600.0,0.019447949,0.67448795,-8.760889,4520.0,0.30183834,0.01,0.81516886,225,0.15
22700.0,0.019455055,0.67447877,-16.17747,4540.0,0.30185696,0.01,0.8151447,226,0.15
22800.0,0.019451864,0.6744861,-21.984632,4560.0,0.30186874,0.0,0.81508636,227,0.0
22900.0,0.019450711,0.6744908,-18.934666,4580.0,0.30191267,0.0,0.8149042,228,0.05
23000.0,0.019442938,0.674491,-16.843105,4600.0,0.3019257,0.01,0.81471854,229,0.2
23100.0,0.019441247,0.6744894,-20.892467,4620.0,0.3019309,0.0,0.8145397,230,0.1
23200.0,0.019438634,0.67449534,-18.661945,4640.0,0.3019371,0.01,0.8143649,231,0.1
23300.0,0.019441374,0.6745011,-13.4088,4660.0,0.30195352,0.01,0.81419736,232,0.1
23400.0,0.019434327,0.67449987,-20.855677,4680.0,0.30195668,0.0,0.8140799,233,0.1
23500.0,0.019426562,0.6745078,-23.11401,4700.0,0.3020014,0.02,0.8138419,234,0.05
23600.0,0.019424252,0.6745052,-17.062107,4720.0,0.30201748,0.0,0.8137727,235,0.2
23700.0,0.019426318,0.6744979,-23.64889,4740.0,0.30204123,0.0,0.81361526,236,0.0
23800.0,0.01942823,0.67448515,-21.671795,4760.0,0.302114,0.0,0.8134806,237,0.1
23900.0,0.019429615,0.6744729,-20.557486,4780.0,0.30217436,0.0,0.813389,238,0.1
24000.0,0.019424468,0.6744652,-21.069391,4800.0,0.30223152,0.0,0.813306,239,0.1
24100.0,0.019416196,0.6744605,-25.361776,4820.0,0.3022538,0.0,0.8131896,240,0.1
24200.0,0.019408114,0.6744595,-12.444971,4840.0,0.3022436,0.02,0.81301314,241,0.1
24300.0,0.019400625,0.67445564,-23.8957,4860.0,0.30223697,0.0,0.8129262,242,0.1
24400.0,0.01940041,0.6744598,-25.551542,4880.0,0.30224943,0.0,0.8128123,243,0.0
24500.0,0.019399872,0.6744644,-26.499731,4900.0,0.30223718,0.0,0.8126959,244,0.15
24600.0,0.019399023,0.67446065,-25.230219,4920.0,0.30222023,0.0,0.81260324,245,0.05
24700.0,0.019397544,0.6744661,-21.208424,4940.0,0.30221277,0.0,0.81248945,246,0.2
24800.0,0.019405974,0.6744692,-29.188227,4960.0,0.3021783,0.0,0.81248266,247,0.0
24900.0,0.019414043,0.67447495,-22.425467,4980.0,0.3021934,0.01,0.8126259,248,0.1
25000.0,0.019412441,0.6744816,-20.525585,5000.0,0.30221078,0.01,0.8125598,249,0.2
25100.0,0.019426735,0.6744829,-25.717808,5020.0,0.3022455,0.02,0.8125765,250,0.0
25200.0,0.019436292,0.67447776,-26.454418,5040.0,0.3023526,0.01,0.8124911,251,0.15
25300.0,0.019458096,0.6744829,-27.284887,5060.0,0.30239558,0.0,0.8125521,252,0.0
25400.0,0.019480754,0.6744705,-26.680374,5080.0,0.30239695,0.02,0.81267273,253,0.15
25500.0,0.019502036,0.6744545,-19.582064,5100.0,0.30234438,0.01,0.81283927,254,0.05
25600.0,0.019512737,0.6744715,-26.409485,5120.0,0.30236945,0.01,0.8128991,255,0.05
25700.0,0.019516746,0.6744823,-23.895267,5140.0,0.30239013,0.0,0.81292963,256,0.05
25800.0,0.019546978,0.6744805,-22.415691,5160.0,0.30237672,0.0,0.8129807,257,0.15
25900.0,0.01957144,0.674495,-22.998207,5180.0,0.30240706,0.0,0.81286633,258,0.05
26000.0,0.019571759,0.6744973,-30.700428,5200.0,0.3024278,0.0,0.81272984,259,0.0
26100.0,0.019576201,0.67450196,-22.441797,5220.0,0.30244154,0.01,0.8125661,260,0.1
26200.0,0.019584311,0.67451566,-24.366539,5240.0,0.30243266,0.0,0.81249374,261,0.1
26300.0,0.019601531,0.6745331,-24.51875,5260.0,0.3024289,0.0,0.81248677,262,0.0
26400.0,0.019611407,0.674553,-34.560448,5280.0,0.30242625,0.02,0.8124657,263,0.0
26500.0,0.01962206,0.67456955,-22.904888,5300.0,0.30245364,0.0,0.8124181,264,0.1
26600.0,0.019631349,0.67457485,-32.17405,5320.0,0.30247834,0.02,0.81247133,265,0.0
26700.0,0.019636605,0.6745759,-25.058815,5340.0,0.30244344,0.0,0.8125116,266,0.0
26800.0,0.01964304,0.6745623,-27.098642,5360.0,0.3024087,0.0,0.812532,267,0.05
26900.0,0.019647662,0.6745701,-34.66281,5380.0,0.30245715,0.0,0.8125801,268,0.05
27000.0,0.01967227,0.6745964,-23.10914,5400.0,0.30244592,0.01,0.81273943,269,0.25
27100.0,0.019685071,0.67461455,-28.100641,5420.0,0.30244368,0.02,0.8127514,270,0.1
27200.0,0.01969674,0.67462885,-24.616037,5440.0,0.30246115,0.0,0.81275743,271,0.1
27300.0,0.019709665,0.6746411,-21.521236,5460.0,0.30252063,0.01,0.8126519,272,0.3
27400.0,0.019715697,0.674637,-28.80492,5480.0,0.30260062,0.01,0.81257963,273,0.05
27500.0,0.019713042,0.67463905,-25.043652,5500.0,0.30265963,0.0,0.8124474,274,0.1
27600.0,0.019719947,0.6746412,-33.67292,5520.0,0.3027241,0.0,0.81224597,275,0.0
27700.0,0.019750426,0.67465514,-29.028652,5540.0,0.30273953,0.0,0.8124248,276,0.15
27800.0,0.01977844,0.67467415,-28.527843,5560.0,0.30274504,0.01,0.8124191,277,0.1
27900.0,0.019790323,0.6746989,-26.220486,5580.0,0.30274972,0.02,0.81235284,278,0.15
28000.0,0.019812306,0.67470723,-27.37497,5600.0,0.30286643,0.0,0.81258416,279,0.05
28100.0,0.01983704,0.67469394,-16.865772,5620.0,0.30283505,0.0,0.8127277,280,0.2
28200.0,0.019836204,0.674692,-18.36228,5640.0,0.3027574,0.0,0.8127836,281,0.05
28300.0,0.0198512,0.6747045,-17.39887,5660.0,0.3027712,0.0,0.8127578,282,0.1
28400.0,0.019869499,0.67471755,-19.770418,5680.0,0.30274877,0.01,0.81270975,283,0.0
28500.0,0.019908292,0.67473483,-21.189495,5700.0,0.3027464,0.02,0.81271327,284,0.05
28600.0,0.019938756,0.6747601,-22.910654,5720.0,0.30278984,0.0,0.8125905,285,0.05
28700.0,0.019955905,0.67477626,-16.608202,5740.0,0.3028053,0.01,0.81247437,286,0.25
28800.0,0.019959519,0.67478126,-19.164244,5760.0,0.3028107,0.01,0.81228316,287,0.15
28900.0,0.019955426,0.6747803,-24.34072,5780.0,0.30281687,0.0,0.8121654,288,0.05
29000.0,0.019949786,0.67477936,-31.83585,5800.0,0.3028082,0.0,0.81204367,289,0.0
29100.0,0.019944888,0.6747754,-19.00818,5820.0,0.30276275,0.01,0.8119955,290,0.3
29200.0,0.019941755,0.6747802,-23.119083,5840.0,0.3027444,0.0,0.81192994,291,0.15
29300.0,0.01993429,0.6747755,-23.73559,5860.0,0.3026957,0.01,0.8118269,292,0.0
29400.0,0.019928556,0.6747646,-18.273464,5880.0,0.30265692,0.01,0.81172097,293,0.25
29500.0,0.019931644,0.67474836,-31.179821,5900.0,0.3026069,0.0,0.81170017,294,0.0
29600.0,0.019924259,0.6747418,-26.87588,5920.0,0.30260208,0.01,0.8116679,295,0.1
29700.0,0.019913616,0.67473704,-23.447578,5940.0,0.30257842,0.0,0.8115263,296,0.15
29800.0,0.019929975,0.67473406,-25.032887,5960.0,0.30254176,0.01,0.81147337,297,0.15
29900.0,0.019932393,0.6747383,-25.102495,5980.0,0.30257672,0.0,0.8114924,298,0.0
30000.0,0.01993943,0.6747359,-25.960384,6000.0,0.30260283,0.0,0.81148934,299,0.0
30100.0,0.019941341,0.67471755,-23.923496,6020.0,0.30260253,0.0,0.8114455,300,0.15
30200.0,0.019952577,0.67469585,-19.117138,6040.0,0.3025655,0.0,0.81141585,301,0.2
30300.0,0.01995406,0.6746881,-20.859108,6060.0,0.30259985,0.01,0.8114224,302,0.3
30400.0,0.019953053,0.67468935,-19.400898,6080.0,0.30264565,0.0,0.8114347,303,0.15
30500.0,0.019962313,0.6747033,-25.300806,6100.0,0.302707,0.0,0.81159806,304,0.1
30600.0,0.019980399,0.6747288,-24.042698,6120.0,0.30278924,0.0,0.81180143,305,0.1
30700.0,0.020004401,0.6747343,-23.752733,6140.0,0.30284467,0.02,0.8119245,306,0.15
30800.0,0.02001462,0.67474705,-17.10722,6160.0,0.30292252,0.0,0.8119544,307,0.15
30900.0,0.020022133,0.67476636,-24.642994,6180.0,0.3029413,0.0,0.8117689,308,0.05
31000.0,0.0200237,0.6747776,-32.42587,6200.0,0.3029445,0.01,0.8115946,309,0.0
31100.0,0.020017939,0.67479044,-23.062426,6220.0,0.30296957,0.0,0.8113299,310,0.15
31200.0,0.02001388,0.67479897,-18.985561,6240.0,0.30299976,0.01,0.8110851,311,0.15
31300.0,0.020005565,0.67480737,-29.306637,6260.0,0.3030279,0.01,0.8108339,312,0.1
31400.0,0.01999758,0.67481416,-29.287796,6280.0,0.30305913,0.01,0.810522,313,0.1
31500.0,0.019993503,0.6748159,-28.804768,6300.0,0.3031035,0.01,0.81028354,314,0.05
31600.0,0.02000043,0.67481846,-31.972998,6320.0,0.30311832,0.0,0.81013906,315,0.1
31700.0,0.019991541,0.674833,-24.021107,6340.0,0.30314347,0.01,0.81002086,316,0.15
31800.0,0.019991633,0.6748365,-24.296843,6360.0,0.3031456,0.0,0.8099665,317,0.2
31900.0,0.019985186,0.6748314,-32.40888,6380.0,0.30313352,0.0,0.8098268,318,0.0
32000.0,0.019976843,0.67483205,-15.681834,6400.0,0.3031319,0.0,0.809724,319,0.2
32100.0,0.019973394,0.6748337,-21.969807,6420.0,0.3031275,0.0,0.80970895,320,0.05
32200.0,0.019975364,0.6748362,-22.250032,6440.0,0.30314526,0.01,0.8098302,321,0.15
32300.0,0.019974804,0.6748491,-9.144373,6460.0,0.30323225,0.0,0.81012183,322,0.15
32400.0,0.019976981,0.67485297,-13.324226,6480.0,0.30325225,0.01,0.8102929,323,0.25
32500.0,0.019970512,0.6748512,-12.666021,6500.0,0.3032679,0.01,0.8102966,324,0.05
32600.0,0.019981723,0.67485195,-19.131447,6520.0,0.30328247,0.0,0.8103768,325,0.0
32700.0,0.019990347,0.67485744,-14.160113,6540.0,0.30329052,0.0,0.8103848,326,0.15
32800.0,0.019988012,0.6748619,-23.243809,6560.0,0.30330768,0.0,0.81033546,327,0.1
32900.0,0.019983655,0.67486626,-6.8502517,6580.0,0.30329356,0.01,0.8102774,328,0.25
33000.0,0.01998124,0.674873,-16.471087,6600.0,0.3033186,0.01,0.81023586,329,0.15
33100.0,0.019977514,0.6748716,-8.640634,6620.0,0.30330724,0.0,0.81014675,330,0.15
33200.0,0.019967703,0.67487115,-7.004093,6640.0,0.30329737,0.01,0.81005067,331,0.2
33300.0,0.019958679,0.6748761,-7.8635154,6660.0,0.30330622,0.0,0.8099625,332,0.15
33400.0,0.019954683,0.6748819,-15.392499,6680.0,0.30330417,0.0,0.8098999,333,0.15
33500.0,0.019949239,0.67488587,-17.255802,6700.0,0.30333638,0.0,0.809786,334,0.05
33600.0,0.019940065,0.6748864,-16.209791,6720.0,0.30333754,0.0,0.8096513,335,0.15
33700.0,0.019933904,0.6748802,-19.513617,6740.0,0.3033489,0.01,0.8095326,336,0.0
33800.0,0.019917637,0.6748723,-12.881762,6760.0,0.30334598,0.0,0.8094267,337,0.0
33900.0,0.019911204,0.67486876,-16.414652,6780.0,0.30334768,0.0,0.80926293,338,0.1
34000.0,0.019896027,0.6748705,-15.583049,6800.0,0.30334464,0.0,0.80917925,339,0.0
34100.0,0.019890897,0.674872,-15.905052,6820.0,0.30333728,0.0,0.8090527,340,0.05
34200.0,0.01988078,0.67487293,-19.87301,6840.0,0.30335245,0.01,0.8089508,341,0.05
34300.0,0.019873137,0.6748736,-15.415594,6860.0,0.30334705,0.01,0.8088541,342,0.2
34400.0,0.019866873,0.6748769,-22.258337,6880.0,0.30335855,0.0,0.8088134,343,0.1
34500.0,0.019858591,0.6748796,-20.444616,6900.0,0.3033538,0.02,0.80872047,344,0.15
34600.0,0.019847326,0.67488056,-16.703037,6920.0,0.30336598,0.0,0.80863243,345,0.1
34700.0,0.019843638,0.6748834,-18.938602,6940.0,0.3033435,0.0,0.8085697,346,0.15
34800.0,0.019839378,0.6748837,-20.743603,6960.0,0.30335024,0.0,0.808482,347,0.05
34900.0,0.019832697,0.6748826,-16.249111,6980.0,0.3033594,0.0,0.8084232,348,0.15
35000.0,0.019829474,0.67488617,-21.208496,7000.0,0.30336618,0.0,0.8083177,349,0.2
35100.0,0.019819397,0.6748863,-27.316244,7020.0,0.30335027,0.0,0.80820763,350,0.0
35200.0,0.019814994,0.6748921,-20.255056,7040.0,0.30335397,0.0,0.80810606,351,0.05
35300.0,0.0198075,0.6748908,-19.632326,7060.0,0.30334935,0.01,0.8079888,352,0.0
35400.0,0.019800143,0.6748894,-15.885389,7080.0,0.3033451,0.0,0.8078916,353,0.2
35500.0,0.019789476,0.67488766,-17.383999,7100.0,0.30335802,0.0,0.80786306,354,0.05
35600.0,0.019782053,0.67488563,-17.301168,7120.0,0.30336082,0.0,0.80774033,355,0.15
35700.0,0.019773075,0.6748896,-29.004028,7140.0,0.30337828,0.0,0.8076637,356,0.05
35800.0,0.019767916,0.6748883,-25.689585,7160.0,0.30336598,0.0,0.80760163,357,0.1
35900.0,0.01976564,0.6748867,-22.899551,7180.0,0.30337605,0.0,0.80751914,358,0.0
36000.0,0.019761898,0.67488986,-20.489809,7200.0,0.30339414,0.0,0.8074569,359,0.0
36100.0,0.019757627,0.6748932,-19.482895,7220.0,0.30343178,0.0,0.80737597,360,0.05
36200.0,0.019750737,0.67489636,-21.880394,7240.0,0.3034188,0.0,0.8072256,361,0.0
36300.0,0.01974598,0.67490005,-14.564509,7260.0,0.3034318,0.0,0.8071709,362,0.05
36400.0,0.019739108,0.6749017,-15.265732,7280.0,0.3034395,0.0,0.8070589,363,0.0
36500.0,0.01973435,0.6749048,-25.30005,7300.0,0.3034273,0.0,0.8069946,364,0.15
36600.0,0.019732136,0.67490965,-20.03555,7320.0,0.30341685,0.0,0.80693173,365,0.2
36700.0,0.019726334,0.67491174,-28.644047,7340.0,0.3034166,0.0,0.80685914,366,0.05
36800.0,0.019727563,0.67491657,-18.81074,7360.0,0.3034233,0.0,0.8067926,367,0.15
36900.0,0.019722098,0.6749166,-21.853777,7380.0,0.30344957,0.01,0.8066968,368,0.05
37000.0,0.019718656,0.6749157,-27.713955,7400.0,0.3034397,0.0,0.80662096,369,0.1
37100.0,0.019714003,0.67491895,-26.751827,7420.0,0.30345947,0.0,0.8065495,370,0.05
37200.0,0.019705629,0.67491466,-12.724523,7440.0,0.3034266,0.0,0.8064513,371,0.15
37300.0,0.019698698,0.67492,-21.997654,7460.0,0.3034156,0.0,0.80635446,372,0.1
37400.0,0.01969815,0.6749235,-21.835367,7480.0,0.30342728,0.0,0.80628747,373,0.1
37500.0,0.01968857,0.67493063,-18.902927,7500.0,0.3034346,0.0,0.8061951,374,0.0
37600.0,0.019686157,0.67493194,-26.548046,7520.0,0.30345273,0.0,0.80609375,375,0.0
37700.0,0.019680595,0.674934,-21.763264,7540.0,0.3034614,0.0,0.8060404,376,0.0
37800.0,0.019675206,0.6749334,-26.411478,7560.0,0.30346724,0.0,0.8059249,377,0.0
37900.0,0.019672688,0.6749322,-24.365728,7580.0,0.30348438,0.0,0.80585283,378,0.1
38000.0,0.019668357,0.674933,-19.745104,7600.0,0.30348998,0.0,0.80577916,379,0.25
38100.0,0.019670159,0.6749334,-24.355968,7620.0,0.30348098,0.0,0.8056696,380,0.15
38200.0,0.019659366,0.6749307,-22.01139,7640.0,0.30346462,0.02,0.8056087,381,0.05
38300.0,0.019650908,0.674929,-26.795618,7660.0,0.30344585,0.01,0.80550903,382,0.0
38400.0,0.01964475,0.6749298,-29.090673,7680.0,0.30345544,0.01,0.8054278,383,0.0
38500.0,0.019643681,0.67492884,-23.79379,7700.0,0.30347314,0.0,0.80536693,384,0.0
38600.0,0.019643698,0.67492855,-20.893122,7720.0,0.303467,0.0,0.80526155,385,0.0
38700.0,0.019647647,0.67492676,-24.954592,7740.0,0.30348316,0.0,0.8052193,386,0.0
38800.0,0.019648526,0.6749294,-24.7091,7760.0,0.30349395,0.0,0.80515367,387,0.0
38900.0,0.019642329,0.67492944,-24.062124,7780.0,0.30350062,0.0,0.8050712,388,0.0
39000.0,0.019635031,0.67492527,-25.212557,7800.0,0.30348352,0.0,0.80498827,389,0.0
39100.0,0.01963039,0.6749213,-25.460209,7820.0,0.30348238,0.0,0.80492634,390,0.05
39200.0,0.01962315,0.67491555,-24.207375,7840.0,0.30346546,0.0,0.80487466,391,0.0
39300.0,0.019609023,0.6749162,-22.435478,7860.0,0.3034619,0.0,0.8047789,392,0.05
39400.0,0.019610656,0.6749156,-23.694994,7880.0,0.30348566,0.0,0.80471736,393,0.0
39500.0,0.019605039,0.6749143,-20.852365,7900.0,0.30348536,0.0,0.8046371,394,0.15
39600.0,0.019604782,0.674913,-22.111301,7920.0,0.3035138,0.0,0.80459934,395,0.15
39700.0,0.019604616,0.6749094,-20.139587,7940.0,0.30351257,0.0,0.8045538,396,0.35
39800.0,0.019608213,0.67490727,-21.001858,7960.0,0.30350876,0.0,0.80449396,397,0.25
39900.0,0.019606294,0.67491436,-23.543417,7980.0,0.30348924,0.0,0.80443025,398,0.15
40000.0,0.01960767,0.6749159,-26.511805,8000.0,0.3034825,0.01,0.80436546,399,0.05
40100.0,0.019605352,0.67492074,-30.517004,8020.0,0.3034794,0.01,0.8043165,400,0.05
40200.0,0.019602844,0.6749229,-23.975046,8040.0,0.3034887,0.0,0.80423194,401,0.15
40300.0,0.019604223,0.6749261,-33.141068,8060.0,0.3034943,0.0,0.8042007,402,0.05
40400.0,0.019605268,0.67492336,-23.76071,8080.0,0.3034992,0.0,0.8041984,403,0.05
40500.0,0.019604273,0.6749236,-21.82753,8100.0,0.30351555,0.0,0.804181,404,0.05
40600.0,0.019598639,0.6749261,-24.704865,8120.0,0.30352077,0.0,0.80411476,405,0.05
40700.0,0.019593189,0.67492753,-23.774845,8140.0,0.30352017,0.01,0.8040146,406,0.1
40800.0,0.019593654,0.67493075,-24.317669,8160.0,0.30349898,0.0,0.8039679,407,0.2
40900.0,0.019587329,0.6749337,-22.035282,8180.0,0.30351174,0.0,0.80392826,408,0.05
41000.0,0.019586703,0.67493594,-16.528013,8200.0,0.3035143,0.0,0.8038559,409,0.15
41100.0,0.01958295,0.67494005,-24.837963,8220.0,0.30352086,0.0,0.8037988,410,0.05
41200.0,0.019581316,0.6749394,-21.4154,8240.0,0.3035183,0.0,0.80372447,411,0.0
41300.0,0.019575326,0.6749428,-21.60495,8260.0,0.30352077,0.0,0.8036662,412,0.2
41400.0,0.019573458,0.67494947,-23.55383,8280.0,0.30352986,0.0,0.8035465,413,0.15
41500.0,0.019574644,0.67495465,-22.851498,8300.0,0.3035238,0.0,0.80345917,414,0.0
41600.0,0.019570386,0.67495483,-23.610226,8320.0,0.30350217,0.0,0.80338734,415,0.15
41700.0,0.019565763,0.67495406,-24.864994,8340.0,0.30350766,0.0,0.80333465,416,0.0
41800.0,0.019563526,0.6749567,-17.929193,8360.0,0.30349836,0.0,0.80328715,417,0.0
41900.0,0.019560836,0.6749583,-21.095127,8380.0,0.30348906,0.01,0.8032579,418,0.0
42000.0,0.019562844,0.67495805,-25.047613,8400.0,0.30349916,0.0,0.80314964,419,0.0
42100.0,0.01956124,0.67496073,-28.08968,8420.0,0.30350772,0.0,0.8030735,420,0.2
42200.0,0.019556485,0.67496103,-31.277683,8440.0,0.30351666,0.0,0.803003,421,0.0
42300.0,0.019550549,0.67496413,-25.46746,8460.0,0.3035361,0.0,0.8029613,422,0.05
42400.0,0.019542417,0.6749662,-30.001354,8480.0,0.30354446,0.0,0.8028938,423,0.0
42500.0,0.01954188,0.67496467,-25.137302,8500.0,0.30355346,0.0,0.8027977,424,0.0
42600.0,0.019537369,0.6749637,-23.290535,8520.0,0.30354816,0.0,0.80271256,425,0.05
42700.0,0.019526528,0.67496353,-30.12765,8540.0,0.30356112,0.0,0.80263287,426,0.0
42800.0,0.019514207,0.6749628,-25.045357,8560.0,0.3035576,0.0,0.8025772,427,0.1
42900.0,0.019510714,0.6749632,-18.10802,8580.0,0.30355906,0.0,0.80250895,428,0.05
43000.0,0.019509546,0.6749662,-28.744299,8600.0,0.30356106,0.0,0.8024649,429,0.05
43100.0,0.019504376,0.67496943,-24.548784,8620.0,0.30356053,0.0,0.8023942,430,0.0
43200.0,0.019501498,0.67496985,-31.156061,8640.0,0.30355045,0.0,0.8023298,431,0.05
43300.0,0.019497845,0.67497224,-24.752243,8660.0,0.3035369,0.0,0.8022627,432,0.15
43400.0,0.019494483,0.6749737,-21.553057,8680.0,0.30353683,0.0,0.8022148,433,0.15
43500.0,0.019496012,0.6749712,-30.261082,8700.0,0.30354586,0.0,0.8022036,434,0.0
43600.0,0.019495927,0.6749707,-20.448788,8720.0,0.30354163,0.0,0.80215293,435,0.2
43700.0,0.019492527,0.6749698,-19.391684,8740.0,0.30354136,0.0,0.80210084,436,0.05
43800.0,0.019492138,0.6749632,-31.851303,8760.0,0.3035498,0.0,0.802054,437,0.05
43900.0,0.019496543,0.67496294,-29.397242,8780.0,0.30356768,0.0,0.8019827,438,0.05
44000.0,0.019501215,0.67496544,-19.291975,8800.0,0.30357897,0.0,0.8019435,439,0.15
44100.0,0.01950067,0.674968,-18.325436,8820.0,0.30357808,0.02,0.8019303,440,0.1
44200.0,0.019491648,0.6749686,-26.452093,8840.0,0.30357078,0.0,0.80190355,441,0.0
44300.0,0.019488277,0.674972,-21.657837,8860.0,0.30358517,0.0,0.8018597,442,0.0
44400.0,0.019484349,0.67497444,-31.994959,8880.0,0.3035908,0.0,0.801784,443,0.05
44500.0,0.019481983,0.67497283,-25.572792,8900.0,0.30358842,0.0,0.8016961,444,0.05
44600.0,0.019484984,0.67497367,-18.397808,8920.0,0.30360183,0.0,0.8016723,445,0.05
44700.0,0.019485367,0.67497224,-21.945726,8940.0,0.30360943,0.0,0.8016023,446,0.1
44800.0,0.0194814,0.67497355,-27.594242,8960.0,0.30361193,0.0,0.80154943,447,0.1
44900.0,0.01947915,0.6749747,-20.20995,8980.0,0.30361867,0.0,0.80142885,448,0.15
45000.0,0.019480433,0.6749777,-23.313955,9000.0,0.30361438,0.0,0.80138606,449,0.15
45100.0,0.019472936,0.6749779,-23.563251,9020.0,0.30361694,0.0,0.8013055,450,0.05
45200.0,0.019471835,0.67498153,-23.68107,9040.0,0.30362058,0.0,0.8012402,451,0.1
45300.0,0.019464457,0.6749824,-15.308873,9060.0,0.3036271,0.0,0.8011624,452,0.1
45400.0,0.0194617,0.67498505,-18.215408,9080.0,0.30361265,0.01,0.8011083,453,0.15
45500.0,0.019465122,0.6749849,-31.290852,9100.0,0.30361444,0.0,0.80110407,454,0.05
45600.0,0.019460091,0.6749865,-17.769169,9120.0,0.30363357,0.0,0.801043,455,0.0
45700.0,0.019459601,0.6749866,-23.839935,9140.0,0.30364954,0.0,0.8010079,456,0.0
45800.0,0.019453578,0.67499036,-15.585609,9160.0,0.30366334,0.01,0.800958,457,0.15
45900.0,0.019448489,0.67498934,-14.493276,9180.0,0.30367124,0.0,0.80088514,458,0.2
46000.0,0.019447302,0.6749881,-21.848177,9200.0,0.30368266,0.0,0.80082047,459,0.1
46100.0,0.019441105,0.6749864,-21.271017,9220.0,0.30367395,0.0,0.8007554,460,0.0
46200.0,0.01943672,0.6749858,-18.756754,9240.0,0.30367824,0.0,0.80067694,461,0.15
46300.0,0.01943471,0.6749865,-27.082745,9260.0,0.30368292,0.0,0.8006085,462,0.15
46400.0,0.019430315,0.674986,-22.157768,9280.0,0.3036992,0.0,0.8005182,463,0.2
46500.0,0.019421602,0.6749884,-26.39526,9300.0,0.30370507,0.0,0.800413,464,0.1
46600.0,0.019421171,0.6749851,-23.613483,9320.0,0.30369657,0.0,0.80034953,465,0.0
46700.0,0.019416217,0.6749845,-22.967337,9340.0,0.3036923,0.0,0.80029505,466,0.1
46800.0,0.019406712,0.6749866,-22.255648,9360.0,0.30369174,0.0,0.8002341,467,0.1
46900.0,0.019403258,0.67499423,-22.342054,9380.0,0.3037023,0.0,0.80015814,468,0.05
47000.0,0.019398475,0.67499477,-26.387863,9400.0,0.3036907,0.0,0.8000819,469,0.15
47100.0,0.019389523,0.6749955,-25.339462,9420.0,0.30368787,0.0,0.8000245,470,0.25
47200.0,0.019390969,0.6749961,-27.754309,9440.0,0.30366915,0.0,0.79997605,471,0.1
47300.0,0.019386638,0.6749955,-15.049237,9460.0,0.30366725,0.0,0.7999156,472,0.25
47400.0,0.019383615,0.6749962,-25.916891,9480.0,0.3036802,0.01,0.79986185,473,0.1
47500.0,0.019381244,0.67499936,-25.863577,9500.0,0.3036964,0.0,0.7998361,474,0.15
47600.0,0.019377584,0.6750021,-18.021381,9520.0,0.30369565,0.0,0.79977643,475,0.0
47700.0,0.019374844,0.6750034,-13.2397995,9540.0,0.303699,0.0,0.79968685,476,0.1
47800.0,0.019372221,0.6750063,-28.164104,9560.0,0.30369502,0.0,0.7996099,477,0.15
47900.0,0.019366805,0.6750071,-29.749481,9580.0,0.30369756,0.0,0.7995533,478,0.0
48000.0,0.019363219,0.675012,-26.92255,9600.0,0.3036913,0.0,0.79954034,479,0.1
48100.0,0.019365244,0.6750127,-20.403357,9620.0,0.30369502,0.0,0.7995191,480,0.2
48200.0,0.019367926,0.6750098,-22.412832,9640.0,0.30370685,0.0,0.79950756,481,0.25
48300.0,0.019368839,0.6750104,-21.708384,9660.0,0.3037147,0.0,0.7994798,482,0.15
48400.0,0.019365637,0.67501086,-19.919245,9680.0,0.30373192,0.0,0.79945904,483,0.1
48500.0,0.019362677,0.6750114,-19.97943,9700.0,0.30373842,0.0,0.79939836,484,0.05
48600.0,0.019361913,0.67501646,-24.873478,9720.0,0.30374226,0.0,0.7993356,485,0.15
48700.0,0.019357812,0.6750194,-22.213463,9740.0,0.30373934,0.01,0.79928404,486,0.05
48800.0,0.019357769,0.67502534,-29.526043,9760.0,0.30375788,0.0,0.7992458,487,0.1
48900.0,0.019357828,0.6750262,-18.666815,9780.0,0.30373868,0.01,0.799218,488,0.2
49000.0,0.019356588,0.6750273,-27.575312,9800.0,0.30373716,0.01,0.79916304,489,0.05
49100.0,0.019349009,0.6750284,-23.63844,9820.0,0.3037611,0.01,0.7991212,490,0.1
49200.0,0.019348005,0.67503154,-20.917597,9840.0,0.30377775,0.01,0.79903245,491,0.15
49300.0,0.019341948,0.6750352,-24.161945,9860.0,0.3037924,0.0,0.79900384,492,0.05
49400.0,0.019337617,0.6750372,-16.67438,9880.0,0.303803,0.0,0.79897326,493,0.3
49500.0,0.019330772,0.6750377,-24.214664,9900.0,0.3038113,0.01,0.7989495,494,0.2
49600.0,0.019322298,0.6750397,-22.969513,9920.0,0.30383232,0.0,0.79887867,495,0.1
49700.0,0.019318342,0.6750422,-23.43249,9940.0,0.3038279,0.0,0.7988366,496,0.1
49800.0,0.019315543,0.67504376,-23.450262,9960.0,0.30383942,0.0,0.7988473,497,0.2
49900.0,0.019313034,0.67504746,-20.417894,9980.0,0.30385768,0.01,0.7988618,498,0.0
50000.0,0.019310046,0.6750516,-19.853565,10000.0,0.3038798,0.0,0.79887,499,0.15
50100.0,0.019313117,0.675049,-23.634405,10020.0,0.303906,0.01,0.7988838,500,0.1
50200.0,0.01931997,0.67504895,-28.381903,10040.0,0.30392778,0.0,0.79892415,501,0.05
50300.0,0.019322421,0.67504853,-19.218931,10060.0,0.30393472,0.0,0.7988716,502,0.15
50400.0,0.019323612,0.6750494,-22.875006,10080.0,0.30394572,0.0,0.798811,503,0.05
50500.0,0.019327942,0.67504996,-18.368374,10100.0,0.303956,0.0,0.79876125,504,0.25
50600.0,0.019326413,0.6750536,-24.015608,10120.0,0.3039655,0.0,0.79868156,505,0.1
50700.0,0.019325854,0.6750556,-21.514437,10140.0,0.3039656,0.0,0.79860187,506,0.05
50800.0,0.019335644,0.67506063,-27.04426,10160.0,0.30397585,0.0,0.79853296,507,0.05
50900.0,0.019330995,0.6750621,-23.751408,10180.0,0.30398402,0.0,0.7984847,508,0.1
51000.0,0.01932939,0.6750662,-27.486975,10200.0,0.30400246,0.0,0.79846174,509,0.05
51100.0,0.019329851,0.67506903,-15.830194,10220.0,0.3039994,0.01,0.7984187,510,0.25
51200.0,0.019327769,0.67507297,-16.583858,10240.0,0.30399522,0.0,0.7984157,511,0.3
51300.0,0.019331293,0.67507833,-18.02479,10260.0,0.3039966,0.02,0.79836583,512,0.2
51400.0,0.019333847,0.6750863,-21.598751,10280.0,0.3039923,0.0,0.7982877,513,0.1
51500.0,0.019332588,0.67508847,-28.284618,10300.0,0.30399233,0.0,0.79822975,514,0.15
51600.0,0.0193341,0.67508847,-28.645578,10320.0,0.30399328,0.0,0.79817533,515,0.05
51700.0,0.019329626,0.6750895,-27.040592,10340.0,0.30399767,0.01,0.79812616,516,0.1
51800.0,0.01932488,0.6750913,-30.475037,10360.0,0.3039942,0.0,0.79806244,517,0.1
51900.0,0.019326571,0.67509294,-27.154602,10380.0,0.3040024,0.0,0.79800874,518,0.1
52000.0,0.019324433,0.67509466,-19.957397,10400.0,0.3040111,0.01,0.7979918,519,0.0
52100.0,0.019319953,0.6750959,-15.890149,10420.0,0.30401245,0.01,0.797959,520,0.05
52200.0,0.019321162,0.67509854,-20.916445,10440.0,0.30403116,0.0,0.79794985,521,0.1
52300.0,0.019317603,0.6750997,-26.174646,10460.0,0.30403256,0.0,0.7979229,522,0.1
52400.0,0.019319735,0.67509925,-26.141571,10480.0,0.30404887,0.0,0.7978957,523,0.05
52500.0,0.019317044,0.67509955,-25.737371,10500.0,0.30404815,0.02,0.79786724,524,0.1
52600.0,0.019315595,0.6751069,-25.709036,10520.0,0.30406958,0.0,0.79780334,525,0.0
52700.0,0.019315459,0.67511,-17.03818,10540.0,0.30406904,0.0,0.7977493,526,0.15
52800.0,0.019304393,0.67511237,-24.730867,10560.0,0.30407286,0.0,0.7977262,527,0.05
52900.0,0.019301387,0.6751162,-15.617271,10580.0,0.30407563,0.0,0.7976799,528,0.1
53000.0,0.019292923,0.67511684,-27.59354,10600.0,0.3040786,0.0,0.7976363,529,0.15
53100.0,0.019288706,0.6751188,-23.89841,10620.0,0.30407012,0.02,0.7975912,530,0.05
53200.0,0.019285597,0.6751216,-29.549063,10640.0,0.30407083,0.01,0.7975693,531,0.15
53300.0,0.019281356,0.67512304,-23.890774,10660.0,0.30406374,0.01,0.79753834,532,0.25
53400.0,0.019278282,0.6751262,-15.928942,10680.0,0.30405325,0.0,0.79750973,533,0.15
53500.0,0.019274974,0.67512864,-22.921106,10700.0,0.30405617,0.0,0.7974913,534,0.1
53600.0,0.019272786,0.6751295,-23.710173,10720.0,0.30405205,0.0,0.7974906,535,0.1
53700.0,0.019266643,0.67512906,-14.063838,10740.0,0.3040485,0.0,0.79746544,536,0.05
53800.0,0.019261653,0.6751303,-25.094494,10760.0,0.30405754,0.0,0.79740804,537,0.15
53900.0,0.019256784,0.6751314,-15.620619,10780.0,0.3040569,0.0,0.7973621,538,0.2
54000.0,0.019255638,0.67513233,-24.870647,10800.0,0.30405605,0.0,0.7973122,539,0.15
54100.0,0.01925009,0.67513406,-24.243954,10820.0,0.3040516,0.0,0.7972868,540,0.1
54200.0,0.01924675,0.67513615,-21.852383,10840.0,0.30405068,0.0,0.7972375,541,0.05
54300.0,0.019242303,0.67513835,-26.179455,10860.0,0.3040547,0.0,0.79722196,542,0.15
54400.0,0.019241095,0.67513925,-25.516378,10880.0,0.3040321,0.02,0.7971847,543,0.1
54500.0,0.019235227,0.67514014,-24.974468,10900.0,0.30403927,0.0,0.79714924,544,0.15
54600.0,0.019229222,0.6751413,-22.547602,10920.0,0.3040486,0.0,0.79708743,545,0.15
54700.0,0.019225955,0.6751433,-29.40767,10940.0,0.30404693,0.0,0.7970364,546,0.1
54800.0,0.019223176,0.6751458,-19.247816,10960.0,0.30405053,0.0,0.7969635,547,0.05
54900.0,0.019221365,0.6751475,-20.11935,10980.0,0.30405438,0.0,0.79690915,548,0.2
55000.0,0.019222114,0.6751507,-20.454874,11000.0,0.3040621,0.0,0.79687464,549,0.1
55100.0,0.019220008,0.67515486,-22.56371,11020.0,0.30406758,0.01,0.7968043,550,0.2
55200.0,0.01921695,0.67515635,-22.023844,11040.0,0.30406266,0.0,0.796771,551,0.05
55300.0,0.019213548,0.67515767,-22.203295,11060.0,0.30406588,0.0,0.7967376,552,0.05
55400.0,0.019210298,0.67516106,-21.403852,11080.0,0.30406672,0.0,0.7966544,553,0.1
55500.0,0.019211357,0.6751632,-10.311875,11100.0,0.3040801,0.0,0.79662615,554,0.2
55600.0,0.019208165,0.67516303,-14.419794,11120.0,0.30407676,0.02,0.79657435,555,0.05
55700.0,0.019207496,0.67516255,-22.904102,11140.0,0.30407545,0.01,0.79656494,556,0.1
55800.0,0.019204441,0.675164,-19.143875,11160.0,0.3040807,0.0,0.7965421,557,0.15
55900.0,0.019198988,0.67516637,-26.53097,11180.0,0.30407766,0.01,0.79652846,558,0.0
56000.0,0.01919521,0.67516994,-15.608368,11200.0,0.30408978,0.0,0.7964998,559,0.0
56100.0,0.019191228,0.6751726,-24.554903,11220.0,0.3040871,0.01,0.796455,560,0.1
56200.0,0.019182961,0.67517316,-22.806988,11240.0,0.3040814,0.0,0.79640865,561,0.25
56300.0,0.019181788,0.6751744,-21.811167,11260.0,0.30408436,0.01,0.79634815,562,0.2
56400.0,0.019179126,0.67517436,-15.491613,11280.0,0.30408204,0.01,0.7962841,563,0.2
56500.0,0.019183787,0.6751719,-22.395994,11300.0,0.30408135,0.0,0.7963052,564,0.15
56600.0,0.019185204,0.67516786,-19.282654,11320.0,0.3041018,0.0,0.79628783,565,0.25
56700.0,0.019183328,0.6751646,-24.549757,11340.0,0.30410925,0.01,0.7962453,566,0.1
56800.0,0.019184176,0.67516387,-21.206825,11360.0,0.30411088,0.0,0.7962116,567,0.15
56900.0,0.019178158,0.67516404,-23.125828,11380.0,0.30411252,0.01,0.79618317,568,0.05
57000.0,0.019176576,0.6751612,-25.543806,11400.0,0.30410197,0.01,0.7961581,569,0.0
57100.0,0.019174742,0.6751616,-20.611486,11420.0,0.30410877,0.0,0.7961409,570,0.1
57200.0,0.01916635,0.6751629,-24.850216,11440.0,0.30410954,0.01,0.79606926,571,0.05
57300.0,0.019162713,0.67516524,-18.070105,11460.0,0.30411044,0.0,0.79601735,572,0.15
57400.0,0.01916248,0.6751694,-22.31481,11480.0,0.30411363,0.0,0.7959819,573,0.05
57500.0,0.019163603,0.67517346,-26.525986,11500.0,0.3041229,0.0,0.79593575,574,0.0
57600.0,0.01916141,0.6751709,-14.441027,11520.0,0.30411753,0.01,0.7958897,575,0.1
57700.0,0.019160267,0.6751691,-25.238695,11540.0,0.30411428,0.01,0.7958327,576,0.1
57800.0,0.01915675,0.675166,-27.065287,11560.0,0.30412447,0.0,0.795784,577,0.1
57900.0,0.019157998,0.67516625,-17.1864,11580.0,0.30414152,0.0,0.7957498,578,0.15
58000.0,0.019156812,0.67516893,-23.487875,11600.0,0.30414626,0.0,0.7957402,579,0.15
58100.0,0.019158343,0.67516965,-23.712042,11620.0,0.30415055,0.0,0.79571766,580,0.15
58200.0,0.019157376,0.67517066,-24.162338,11640.0,0.30415908,0.01,0.79570234,581,0.2
58300.0,0.01915836,0.6751744,-16.30799,11660.0,0.30417392,0.0,0.7956891,582,0.1
58400.0,0.019162333,0.67518073,-25.102303,11680.0,0.30418378,0.0,0.79567516,583,0.05
58500.0,0.01916695,0.67518544,-19.60408,11700.0,0.3041956,0.0,0.79568684,584,0.05
58600.0,0.01916473,0.67519224,-22.726345,11720.0,0.30422026,0.01,0.7957034,585,0.05
58700.0,0.019169157,0.675197,-22.910574,11740.0,0.30423605,0.0,0.795683,586,0.15
58800.0,0.019171346,0.67520064,-21.24168,11760.0,0.30425125,0.0,0.79564494,587,0.2
58900.0,0.019167494,0.6752006,-27.613705,11780.0,0.30426368,0.0,0.79558206,588,0.15
59000.0,0.019164532,0.675199,-10.646831,11800.0,0.3042725,0.01,0.79556483,589,0.25
59100.0,0.0191642,0.67519724,-16.895617,11820.0,0.30427894,0.0,0.79556286,590,0.1
59200.0,0.019162683,0.67519677,-18.970442,11840.0,0.30427542,0.01,0.79553455,591,0.2
59300.0,0.019161887,0.6751976,-25.49359,11860.0,0.30428186,0.01,0.795501,592,0.2
59400.0,0.019159675,0.6751954,-12.971866,11880.0,0.30427834,0.01,0.7954546,593,0.15
59500.0,0.019158388,0.67519766,-18.512312,11900.0,0.3042836,0.0,0.7954176,594,0.1
59600.0,0.019160459,0.67519987,-25.602987,11920.0,0.30429578,0.01,0.7953847,595,0.05
59700.0,0.019158684,0.6752009,-24.703157,11940.0,0.30430686,0.01,0.7953596,596,0.1
59800.0,0.01916427,0.6752063,-21.763916,11960.0,0.3043285,0.0,0.7953303,597,0.0
59900.0,0.019164097,0.6752116,-25.075901,11980.0,0.30433372,0.01,0.79531074,598,0.05
60000.0,0.019166203,0.6752111,-20.591879,12000.0,0.30432782,0.01,0.795297,599,0.05
60100.0,0.019162307,0.6752121,-24.834978,12020.0,0.3043399,0.0,0.7952641,600,0.15
60200.0,0.01916329,0.6752125,-25.293589,12040.0,0.30433986,0.02,0.79522234,601,0.05
60300.0,0.019161602,0.675214,-22.859024,12060.0,0.30434486,0.0,0.79515666,602,0.05
60400.0,0.019160423,0.6752141,-14.751383,12080.0,0.30435172,0.01,0.79513305,603,0.1
60500.0,0.019156732,0.675217,-26.19755,12100.0,0.3043553,0.0,0.7950967,604,0.1
60600.0,0.019157495,0.6752191,-20.421925,12120.0,0.30435526,0.0,0.79507,605,0.05
60700.0,0.019155925,0.675223,-29.357391,12140.0,0.30435315,0.0,0.7950401,606,0.05
60800.0,0.019153347,0.67522544,-20.801006,12160.0,0.30435944,0.0,0.79501224,607,0.05
60900.0,0.019147778,0.6752277,-14.457896,12180.0,0.30436188,0.0,0.7949988,608,0.2
61000.0,0.01914806,0.6752297,-31.667109,12200.0,0.30437282,0.01,0.7949736,609,0.0
61100.0,0.019146828,0.6752297,-20.460608,12220.0,0.30437306,0.01,0.7949689,610,0.15
61200.0,0.019144481,0.6752303,-21.779171,12240.0,0.30437577,0.01,0.7949098,611,0.1
61300.0,0.019142888,0.6752332,-21.952759,12260.0,0.30439016,0.0,0.79489154,612,0.25
61400.0,0.019145409,0.6752348,-24.263346,12280.0,0.30437887,0.01,0.7948758,613,0.05
61500.0,0.019143278,0.6752349,-21.609787,12300.0,0.30436373,0.0,0.794868,614,0.05
61600.0,0.019135306,0.67523646,-15.269681,12320.0,0.3043621,0.0,0.79486,615,0.05
61700.0,0.019131625,0.6752367,-20.206589,12340.0,0.30436435,0.0,0.79485244,616,0.05
61800.0,0.019133426,0.67523605,-20.411976,12360.0,0.30436963,0.01,0.79487735,617,0.05
61900.0,0.019128418,0.6752373,-15.252085,12380.0,0.30437505,0.0,0.7948644,618,0.1
62000.0,0.019131051,0.67523503,-24.52871,12400.0,0.30436948,0.0,0.79483247,619,0.1
62100.0,0.019131647,0.67523056,-21.09283,12420.0,0.30436653,0.0,0.79481214,620,0.2
62200.0,0.01913357,0.6752297,-20.884214,12440.0,0.30436847,0.01,0.79481155,621,0.05
62300.0,0.01913885,0.67523754,-20.629898,12460.0,0.304382,0.0,0.7948011,622,0.15
62400.0,0.019139549,0.6752396,-26.398447,12480.0,0.3043855,0.0,0.794769,623,0.05
62500.0,0.019137949,0.6752405,-19.65561,12500.0,0.30439734,0.01,0.7947525,624,0.05
62600.0,0.019135373,0.6752418,-21.394032,12520.0,0.3043951,0.0,0.79471684,625,0.15
62700.0,0.019131638,0.6752409,-23.47337,12540.0,0.30439764,0.01,0.7946702,626,0.15
62800.0,0.019130524,0.6752395,-19.632717,12560.0,0.30440924,0.0,0.79461914,627,0.2
62900.0,0.019129066,0.67524225,-30.92656,12580.0,0.30440593,0.0,0.79459065,628,0.1
63000.0,0.019127926,0.6752396,-20.893225,12600.0,0.30440506,0.01,0.7945779,629,0.25
63100.0,0.019126816,0.6752392,-14.437019,12620.0,0.30441615,0.0,0.79459554,630,0.05
63200.0,0.019127479,0.6752383,-11.43911,12640.0,0.30442223,0.0,0.79457396,631,0.2
63300.0,0.019126179,0.67523724,-18.887695,12660.0,0.30441988,0.0,0.7945361,632,0.0
63400.0,0.019123213,0.67523754,-19.056065,12680.0,0.3044087,0.0,0.7945287,633,0.1
63500.0,0.01912444,0.6752399,-27.728369,12700.0,0.30440885,0.0,0.7945176,634,0.05
63600.0,0.019123215,0.6752398,-18.420065,12720.0,0.30439743,0.0,0.79451174,635,0.1
63700.0,0.019125791,0.67524326,-23.749128,12740.0,0.3044019,0.01,0.79452246,636,0.0
63800.0,0.019144582,0.67525154,-28.655376,12760.0,0.30441776,0.0,0.79451597,637,0.05
63900.0,0.019150555,0.67526037,-14.329448,12780.0,0.30442876,0.0,0.7944809,638,0.2
64000.0,0.019152256,0.6752635,-15.840296,12800.0,0.3044283,0.0,0.7944742,639,0.15
64100.0,0.019154256,0.675265,-22.033075,12820.0,0.30443484,0.01,0.79444,640,0.1
64200.0,0.019157734,0.67526597,-29.050507,12840.0,0.30444035,0.0,0.7944189,641,0.1
64300.0,0.019158576,0.6752683,-20.70409,12860.0,0.30445412,0.02,0.79443574,642,0.15
64400.0,0.019168291,0.67527544,-27.18432,12880.0,0.304467,0.0,0.7944277,643,0.15
64500.0,0.019174136,0.6752819,-9.4653425,12900.0,0.30448404,0.0,0.79441166,644,0.15
64600.0,0.01916597,0.6752819,-18.007614,12920.0,0.3044927,0.02,0.79442567,645,0.15
64700.0,0.019164452,0.67528343,-27.198498,12940.0,0.30448994,0.02,0.7944035,646,0.1
64800.0,0.019166356,0.67528236,-20.500622,12960.0,0.30449063,0.0,0.7943931,647,0.05
64900.0,0.019160537,0.67528117,-16.67884,12980.0,0.30448276,0.0,0.79437137,648,0.05
65000.0,0.019159637,0.6752827,-27.283047,13000.0,0.30447966,0.02,0.7943459,649,0.05
65100.0,0.019161291,0.675284,-21.473154,13020.0,0.30448315,0.0,0.7943279,650,0.15
65200.0,0.019159248,0.6752849,-16.238977,13040.0,0.30448604,0.02,0.7943127,651,0.2
65300.0,0.019161228,0.675286,-17.092081,13060.0,0.3044944,0.01,0.7943086,652,0.05
65400.0,0.019162633,0.6752875,-18.627058,13080.0,0.30450192,0.0,0.7942872,653,0.1
65500.0,0.019156033,0.675288,-15.450353,13100.0,0.30450842,0.0,0.79428834,654,0.05
65600.0,0.019151175,0.67528707,-7.555003,13120.0,0.30450615,0.01,0.7942771,655,0.15
65700.0,0.019148493,0.67528766,-20.0242,13140.0,0.30451053,0.0,0.79426897,656,0.1
65800.0,0.019146735,0.67528915,-20.371195,13160.0,0.30450532,0.0,0.79423547,657,0.1
65900.0,0.019141858,0.67529434,-21.274345,13180.0,0.30451402,0.0,0.794219,658,0.15
66000.0,0.019148404,0.6753012,-25.223936,13200.0,0.3045176,0.01,0.79422134,659,0.05
66100.0,0.019159459,0.6753064,-26.645351,13220.0,0.30452654,0.0,0.7941839,660,0.05
66200.0,0.019166963,0.6753127,-15.134956,13240.0,0.30452922,0.0,0.7941243,661,0.05
66300.0,0.01916936,0.6753184,-17.781834,13260.0,0.30453748,0.0,0.794106,662,0.0
66400.0,0.01917033,0.6753225,-15.580889,13280.0,0.3045408,0.0,0.7940452,663,0.2
66500.0,0.019167818,0.6753261,-15.101929,13300.0,0.3045392,0.0,0.7939777,664,0.1
66600.0,0.01916358,0.6753261,-18.245436,13320.0,0.3045341,0.0,0.7939564,665,0.1
66700.0,0.019163225,0.6753273,-21.409935,13340.0,0.3045352,0.01,0.79393417,666,0.15
66800.0,0.019157082,0.6753301,-22.252659,13360.0,0.30453756,0.02,0.7939184,667,0.2
66900.0,0.019159626,0.6753311,-15.997156,13380.0,0.30454397,0.0,0.79388034,668,0.25
67000.0,0.019157313,0.675335,-23.52866,13400.0,0.30453852,0.0,0.79383004,669,0.15
67100.0,0.019156896,0.6753365,-19.470585,13420.0,0.30454677,0.0,0.7938344,670,0.2
67200.0,0.019156618,0.6753369,-15.149664,13440.0,0.30454978,0.01,0.7938244,671,0.15
67300.0,0.019161152,0.6753388,-24.00793,13460.0,0.30455655,0.0,0.7937954,672,0.1
67400.0,0.019156497,0.6753417,-19.237947,13480.0,0.30454865,0.01,0.79379445,673,0.5
67500.0,0.01915173,0.67534274,-15.762474,13500.0,0.30455375,0.01,0.7937576,674,0.1
67600.0,0.019151697,0.67534363,-21.074902,13520.0,0.30455083,0.0,0.79369366,675,0.0
67700.0,0.019155186,0.6753439,-27.20646,13540.0,0.30454907,0.0,0.79365623,676,0.05
67800.0,0.019154701,0.67534596,-25.93775,13560.0,0.3045547,0.01,0.7936333,677,0.05
67900.0,0.019151153,0.6753491,-18.121975,13580.0,0.30455226,0.01,0.79357874,678,0.1
68000.0,0.019151157,0.67535156,-22.027164,13600.0,0.30454645,0.01,0.79354125,679,0.2
68100.0,0.019149857,0.67535436,-30.579609,13620.0,0.304545,0.0,0.79350996,680,0.1
68200.0,0.019153798,0.675357,-11.686499,13640.0,0.30454364,0.0,0.79347575,681,0.05
68300.0,0.019150326,0.6753595,-23.564976,13660.0,0.3045378,0.01,0.79346913,682,0.0
68400.0,0.019155612,0.6753634,-10.869115,13680.0,0.3045438,0.0,0.7934059,683,0.2
68500.0,0.019150598,0.6753664,-28.077698,13700.0,0.30453765,0.0,0.79336274,684,0.05
68600.0,0.01914524,0.6753695,-21.615955,13720.0,0.3045371,0.0,0.7933494,685,0.1
68700.0,0.019146992,0.6753711,-24.172985,13740.0,0.3045332,0.01,0.7933387,686,0.15
68800.0,0.019145485,0.6753725,-28.0741,13760.0,0.3045298,0.01,0.79331917,687,0.1
68900.0,0.01914562,0.67537475,-13.909772,13780.0,0.3045274,0.01,0.79329896,688,0.0
69000.0,0.019145638,0.6753754,-21.427435,13800.0,0.3045234,0.02,0.7932981,689,0.1
69100.0,0.019146843,0.67537725,-12.21791,13820.0,0.30452096,0.01,0.7932874,690,0.15
69200.0,0.019144436,0.67537946,-22.01379,13840.0,0.30451897,0.0,0.7932516,691,0.05
69300.0,0.019143138,0.67538184,-18.468912,13860.0,0.3045202,0.0,0.7932226,692,0.15
69400.0,0.019146541,0.6753836,-14.821974,13880.0,0.30451912,0.0,0.7931912,693,0.25
69500.0,0.0191431,0.67538583,-16.344666,13900.0,0.30452755,0.02,0.7931758,694,0.1
69600.0,0.019137077,0.675388,-24.870583,13920.0,0.30453044,0.0,0.7931515,695,0.1
69700.0,0.01914069,0.6753923,-30.278814,13940.0,0.30453026,0.03,0.79316336,696,0.05
69800.0,0.01913651,0.6753947,-22.570187,13960.0,0.30453047,0.0,0.79313254,697,0.05
69900.0,0.019139493,0.67539865,-17.11885,13980.0,0.30453074,0.01,0.79310095,698,0.05
70000.0,0.019133452,0.67540246,-16.482456,14000.0,0.30452922,0.01,0.7930832,699,0.1
70100.0,0.019131918,0.6754053,-16.688961,14020.0,0.3045311,0.02,0.7930595,700,0.0
70200.0,0.01913125,0.6754086,-13.245547,14040.0,0.30453333,0.0,0.7930056,701,0.15
70300.0,0.019128775,0.67541087,-27.52835,14060.0,0.3045245,0.02,0.7929575,702,0.0
70400.0,0.01912865,0.6754115,-30.608011,14080.0,0.304513,0.02,0.7929406,703,0.0
