epoch,test/mean_Q,stats_o/std,stats_g/std,stats_g/mean,train/success_rate,test/success_rate,test/episode,stats_o/mean,train/episode
0,-2.8640666,0.7788935,0.24125686,0.3674757,0.0,0.0,20.0,0.19647913,100.0
1,-4.9321775,0.7690375,0.24054746,0.37187785,0.0,0.0,40.0,0.19851226,200.0
2,-6.9348526,0.7627181,0.24044523,0.37531805,0.0,0.0,60.0,0.19744723,300.0
3,-9.268616,0.76122236,0.23954833,0.37614354,0.0,0.0,80.0,0.19672172,400.0
4,-10.795017,0.7642229,0.2396841,0.37745222,0.0,0.0,100.0,0.19619033,500.0
5,-12.201036,0.76947343,0.2411186,0.3761758,0.0,0.0,120.0,0.19574027,600.0
6,-13.684793,0.7747234,0.24264903,0.37511167,0.0,0.0,140.0,0.19576049,700.0
7,-15.682741,0.77956605,0.24392553,0.37421116,0.001,0.0,160.0,0.19584127,800.0
8,-16.747078,0.7850274,0.24458757,0.37408835,0.0,0.005,180.0,0.1958042,900.0
9,-17.624542,0.79081714,0.24491028,0.37452096,0.0,0.0,200.0,0.19589502,1000.0
10,-19.46877,0.7956828,0.24502721,0.3747065,0.001,0.01,220.0,0.19587308,1100.0
11,-21.554256,0.8005415,0.24512362,0.3755595,0.0,0.005,240.0,0.19542459,1200.0
12,-22.181324,0.80561227,0.24550772,0.3749382,0.0,0.01,260.0,0.1954096,1300.0
13,-21.828217,0.8109743,0.24575157,0.37471384,0.003,0.01,280.0,0.19535866,1400.0
14,-23.326427,0.81593645,0.24602428,0.37408298,0.007000000000000001,0.025,300.0,0.19559439,1500.0
15,-22.728123,0.8215357,0.24632278,0.37378722,0.002,0.025,320.0,0.19553918,1600.0
16,-24.913958,0.8273609,0.24678905,0.3733819,0.003,0.02,340.0,0.19567281,1700.0
17,-25.194645,0.83414805,0.2469215,0.3736698,0.005,0.02,360.0,0.1956512,1800.0
18,-25.613281,0.8396555,0.247081,0.3739037,0.004,0.04,380.0,0.19566981,1900.0
19,-26.531494,0.84648097,0.24687605,0.3741414,0.008,0.015000000000000003,400.0,0.19537327,2000.0
20,-28.120083,0.8533125,0.24699411,0.37405676,0.006,0.03,420.0,0.1950402,2100.0
21,-25.781261,0.85941714,0.24700853,0.37414455,0.01,0.045,440.0,0.19497427,2200.0
22,-27.585373,0.86446273,0.24673147,0.3744778,0.003,0.025,460.0,0.19485769,2300.0
23,-28.433813,0.86957085,0.24657471,0.37474173,0.01,0.034999999999999996,480.0,0.19496924,2400.0
24,-27.60167,0.8744648,0.24612308,0.375014,0.011000000000000001,0.04,500.0,0.19479394,2500.0
25,-26.412868,0.87925017,0.24583772,0.3750053,0.016999999999999998,0.085,520.0,0.19468474,2600.0
26,-26.902359,0.8838913,0.24557574,0.3751797,0.013000000000000001,0.034999999999999996,540.0,0.19467267,2700.0
27,-26.12417,0.8882535,0.24542788,0.37498713,0.012,0.065,560.0,0.19461095,2800.0
28,-27.61761,0.89244,0.24509124,0.37508497,0.014000000000000002,0.039999999999999994,580.0,0.19461897,2900.0
29,-27.42251,0.896846,0.2446758,0.3753304,0.015000000000000003,0.045000000000000005,600.0,0.19484565,3000.0
30,-24.933464,0.9010496,0.24447532,0.37530738,0.016,0.085,620.0,0.19497626,3100.0
31,-27.086832,0.90495265,0.24420008,0.3754725,0.016,0.08499999999999999,640.0,0.1950644,3200.0
32,-27.516949,0.9089087,0.24391918,0.3755892,0.011,0.045,660.0,0.19508466,3300.0
33,-29.564682,0.9123346,0.24378142,0.37536508,0.019,0.045000000000000005,680.0,0.19482358,3400.0
34,-25.612864,0.91554564,0.24361654,0.37541565,0.014000000000000002,0.05500000000000001,700.0,0.19477148,3500.0
35,-26.461176,0.9191273,0.24326953,0.3756885,0.012,0.05,720.0,0.19479688,3600.0
36,-24.14132,0.92226046,0.24308352,0.3761236,0.006,0.045,740.0,0.19483638,3700.0
37,-20.307852,0.9253341,0.24280724,0.37647158,0.021,0.095,760.0,0.19478324,3800.0
38,-24.08206,0.9281775,0.24256909,0.37668848,0.023,0.06999999999999999,780.0,0.19469814,3900.0
39,-26.673267,0.9311587,0.24225175,0.37671438,0.017,0.065,800.0,0.19457667,4000.0
40,-22.205557,0.93381137,0.24212584,0.37673864,0.028000000000000004,0.09000000000000001,820.0,0.19438751,4100.0
41,-23.69057,0.9363859,0.24184594,0.37692267,0.021,0.085,840.0,0.19420569,4200.0
42,-22.648962,0.9384478,0.24164014,0.3770741,0.019,0.1,860.0,0.19405136,4300.0
43,-22.32191,0.9406637,0.24143188,0.37716037,0.02,0.095,880.0,0.19406638,4400.0
44,-23.047918,0.9425701,0.24117868,0.37729368,0.018,0.1,900.0,0.19405112,4500.0
45,-20.867996,0.9444494,0.24092928,0.3773791,0.015000000000000003,0.10500000000000001,920.0,0.19401589,4600.0
46,-21.174452,0.94645673,0.24073526,0.3773923,0.019,0.07,940.0,0.19393441,4700.0
47,-22.776875,0.94813573,0.24058942,0.3773914,0.022,0.1,960.0,0.19393745,4800.0
48,-22.572107,0.9498579,0.24048671,0.3774653,0.024,0.07500000000000001,980.0,0.19389215,4900.0
49,-22.537823,0.9514793,0.24031648,0.37760407,0.015,0.06999999999999999,1000.0,0.19379494,5000.0
50,-25.657528,0.95303994,0.24016519,0.37768883,0.024,0.075,1020.0,0.19382319,5100.0
51,-21.743082,0.95443934,0.2400297,0.3778171,0.025,0.095,1040.0,0.19378066,5200.0
52,-21.321707,0.95586336,0.23991199,0.37796623,0.030000000000000006,0.095,1060.0,0.19369754,5300.0
53,-23.967203,0.9573299,0.23984668,0.37804374,0.018,0.08,1080.0,0.1935839,5400.0
54,-23.324862,0.95877093,0.23980942,0.37808293,0.024,0.095,1100.0,0.19360706,5500.0
55,-22.525837,0.96020013,0.23973922,0.37805802,0.029000000000000005,0.11499999999999999,1120.0,0.19356653,5600.0
56,-24.355343,0.9616292,0.239633,0.37803665,0.015999999999999997,0.085,1140.0,0.19343635,5700.0
57,-22.07552,0.96295273,0.2395633,0.37803906,0.031,0.085,1160.0,0.19323662,5800.0
58,-22.48824,0.9642998,0.23945543,0.37810627,0.024,0.08,1180.0,0.19318941,5900.0
59,-24.200146,0.9656038,0.23935294,0.37814015,0.028000000000000004,0.06500000000000002,1200.0,0.19316387,6000.0
60,-19.448553,0.9668015,0.23924403,0.37827808,0.028000000000000004,0.085,1220.0,0.19314,6100.0
61,-22.98215,0.96798724,0.23916462,0.3783229,0.024,0.08499999999999999,1240.0,0.1931035,6200.0
62,-23.554958,0.96906614,0.23911214,0.37847024,0.029000000000000005,0.09,1260.0,0.1929932,6300.0
63,-20.91117,0.970098,0.2390323,0.37859526,0.037,0.11499999999999999,1280.0,0.19289431,6400.0
64,-21.13245,0.97113276,0.23894492,0.37866396,0.022000000000000002,0.10500000000000001,1300.0,0.19285545,6500.0
65,-18.834517,0.97207296,0.23886375,0.37873212,0.023,0.15500000000000003,1320.0,0.19273865,6600.0
66,-21.837639,0.9731463,0.2387828,0.3787748,0.032,0.09000000000000001,1340.0,0.19270821,6700.0
67,-17.84673,0.97409546,0.23875532,0.37870684,0.021,0.16,1360.0,0.1926687,6800.0
68,-19.244534,0.9750513,0.2386562,0.3787756,0.031,0.16,1380.0,0.19256122,6900.0
69,-19.780437,0.9760667,0.23862736,0.37874144,0.038,0.09,1400.0,0.19245064,7000.0
70,-22.731361,0.9769989,0.2386134,0.3787121,0.041,0.09,1420.0,0.19233933,7100.0
71,-19.139034,0.977787,0.23855665,0.37867555,0.032,0.11499999999999999,1440.0,0.19228426,7200.0
72,-20.147123,0.9784811,0.2385184,0.3785686,0.026000000000000002,0.11499999999999999,1460.0,0.19222054,7300.0
73,-20.11536,0.97923326,0.23851371,0.37854514,0.028000000000000004,0.10999999999999999,1480.0,0.19216695,7400.0
74,-19.375172,0.97983134,0.23846893,0.37851682,0.035,0.09,1500.0,0.19209889,7500.0
75,-18.363297,0.9805595,0.23843542,0.3784774,0.035,0.14500000000000002,1520.0,0.19209805,7600.0
76,-19.12327,0.98128253,0.23837093,0.3785463,0.041,0.15,1540.0,0.19205719,7700.0
77,-19.028364,0.9820908,0.2383384,0.3785655,0.041,0.15,1560.0,0.19206555,7800.0
78,-19.23587,0.9828497,0.23832731,0.3785755,0.026000000000000002,0.175,1580.0,0.19199058,7900.0
79,-21.482489,0.98352706,0.23830387,0.3785762,0.033,0.10500000000000001,1600.0,0.19195884,8000.0
80,-21.389399,0.98424304,0.2382942,0.378591,0.03200000000000001,0.14500000000000002,1620.0,0.1919324,8100.0
81,-19.671368,0.9849285,0.23822618,0.37862253,0.032,0.16,1640.0,0.19185957,8200.0
82,-18.088915,0.98566115,0.2381495,0.37876287,0.043,0.2,1660.0,0.1917347,8300.0
83,-19.712816,0.9864008,0.23812667,0.37879166,0.038,0.125,1680.0,0.19169775,8400.0
84,-18.421741,0.9871538,0.23804939,0.3788919,0.032999999999999995,0.10500000000000001,1700.0,0.19163862,8500.0
85,-18.189135,0.98783493,0.2380017,0.37895244,0.036,0.14,1720.0,0.19160041,8600.0
86,-18.490452,0.9884227,0.23795407,0.3789722,0.046,0.135,1740.0,0.19155005,8700.0
87,-16.917063,0.9889528,0.2378922,0.37899333,0.034999999999999996,0.13,1760.0,0.19150802,8800.0
88,-16.308346,0.9895245,0.23781867,0.37907904,0.033999999999999996,0.18,1780.0,0.1914508,8900.0
89,-18.882689,0.99003905,0.23775668,0.3790794,0.038,0.15,1800.0,0.19142774,9000.0
90,-18.80707,0.99062747,0.23770106,0.37909126,0.041,0.09000000000000001,1820.0,0.19141066,9100.0
91,-16.972462,0.9912486,0.23765555,0.37923923,0.042,0.19499999999999998,1840.0,0.19142058,9200.0
92,-14.802069,0.99189776,0.23761907,0.37934226,0.038,0.24499999999999997,1860.0,0.19138587,9300.0
93,-20.300093,0.992453,0.23759107,0.3793853,0.047,0.145,1880.0,0.19133213,9400.0
94,-15.533771,0.99298364,0.23755291,0.37949038,0.054000000000000006,0.225,1900.0,0.1912621,9500.0
95,-17.397831,0.9935177,0.23750754,0.379553,0.05500000000000001,0.185,1920.0,0.19121125,9600.0
96,-19.9828,0.9941128,0.2374733,0.37956753,0.044,0.14500000000000002,1940.0,0.19119315,9700.0
97,-18.136555,0.99466306,0.23749156,0.37957057,0.044,0.195,1960.0,0.19115266,9800.0
98,-15.143494,0.99506885,0.23746271,0.37962812,0.042,0.215,1980.0,0.19110543,9900.0
99,-18.026096,0.9954851,0.23742096,0.3796664,0.041,0.20999999999999996,2000.0,0.19105542,10000.0
100,-17.141266,0.99594194,0.23739247,0.37974936,0.039,0.21500000000000002,2020.0,0.19102073,10100.0
101,-19.245638,0.9963957,0.23740916,0.37981004,0.046,0.16499999999999998,2040.0,0.19093196,10200.0
102,-17.803162,0.9967779,0.23741905,0.3798601,0.042,0.195,2060.0,0.19084087,10300.0
103,-18.099796,0.99712485,0.2374166,0.37987432,0.044000000000000004,0.175,2080.0,0.19081636,10400.0
104,-17.450794,0.99759305,0.23739299,0.3798882,0.05,0.15499999999999997,2100.0,0.19078512,10500.0
105,-19.636793,0.9979666,0.2373487,0.379927,0.049,0.13999999999999999,2120.0,0.19074425,10600.0
106,-17.767597,0.9984039,0.23731346,0.37996334,0.047,0.16,2140.0,0.190676,10700.0
107,-15.350909,0.9988233,0.23728743,0.37999955,0.045,0.205,2160.0,0.19063276,10800.0
108,-17.978971,0.9992571,0.23726225,0.3800161,0.05,0.205,2180.0,0.190575,10900.0
109,-13.458682,0.9997017,0.2371796,0.3800725,0.049,0.21999999999999997,2200.0,0.19049123,11000.0
110,-17.373854,1.000115,0.23715806,0.38005978,0.05700000000000001,0.175,2220.0,0.1904056,11100.0
111,-15.552284,1.0005538,0.23714693,0.38010138,0.049,0.19499999999999998,2240.0,0.19031158,11200.0
112,-16.9342,1.0009216,0.23711148,0.38009462,0.05500000000000001,0.25,2260.0,0.19023976,11300.0
113,-13.89949,1.0013415,0.23705566,0.38015708,0.052000000000000005,0.22000000000000003,2280.0,0.19020915,11400.0
114,-14.293837,1.0016817,0.23700628,0.380212,0.054000000000000006,0.19499999999999998,2300.0,0.19019833,11500.0
115,-14.596067,1.0019596,0.23699503,0.38024718,0.049,0.27,2320.0,0.1901532,11600.0
116,-17.247868,1.0023108,0.23695974,0.38032848,0.049,0.2,2340.0,0.19011769,11700.0
117,-19.313437,1.0025902,0.23693404,0.38035053,0.06000000000000001,0.13999999999999999,2360.0,0.19011009,11800.0
118,-14.28248,1.0029156,0.2369138,0.380371,0.05700000000000001,0.275,2380.0,0.1900911,11900.0
119,-17.273388,1.0032113,0.23689814,0.38036188,0.06000000000000001,0.2,2400.0,0.19008395,12000.0
120,-15.560809,1.0035158,0.23687367,0.3803677,0.04,0.195,2420.0,0.19008079,12100.0
121,-15.895655,1.0038038,0.23683505,0.3803286,0.05600000000000001,0.21000000000000002,2440.0,0.19005233,12200.0
122,-16.461624,1.0041214,0.23678608,0.3803119,0.072,0.22000000000000003,2460.0,0.19002172,12300.0
123,-15.648422,1.004352,0.2367278,0.3803328,0.05700000000000001,0.215,2480.0,0.18998487,12400.0
124,-16.030909,1.0046638,0.23667622,0.3803595,0.046000000000000006,0.23500000000000001,2500.0,0.18995659,12500.0
125,-13.257544,1.0050149,0.23664145,0.38037091,0.059,0.285,2520.0,0.1899308,12600.0
126,-18.999096,1.0053486,0.23662086,0.38036737,0.052000000000000005,0.215,2540.0,0.18991858,12700.0
127,-13.701263,1.0056436,0.23659615,0.38039917,0.067,0.255,2560.0,0.18990868,12800.0
128,-13.216563,1.005963,0.2365547,0.38034004,0.06799999999999999,0.325,2580.0,0.18987851,12900.0
129,-13.914119,1.0062356,0.2365258,0.3803402,0.064,0.285,2600.0,0.1898377,13000.0
130,-16.611002,1.0066087,0.23645945,0.38035545,0.061,0.22000000000000003,2620.0,0.18979633,13100.0
131,-13.807042,1.0069174,0.23640175,0.38036364,0.05800000000000001,0.24500000000000002,2640.0,0.18976136,13200.0
132,-13.4065,1.0072874,0.23638535,0.38034853,0.044000000000000004,0.255,2660.0,0.18975003,13300.0
133,-13.907741,1.0076262,0.23633996,0.38037866,0.048,0.3,2680.0,0.18973482,13400.0
134,-14.807556,1.0078969,0.23629479,0.38041013,0.053000000000000005,0.22000000000000003,2700.0,0.18970832,13500.0
135,-13.323102,1.0081418,0.2362359,0.38040772,0.069,0.27999999999999997,2720.0,0.18968265,13600.0
136,-14.011839,1.0083296,0.23618937,0.38045686,0.044000000000000004,0.27999999999999997,2740.0,0.1897187,13700.0
137,-15.588702,1.0085577,0.23615666,0.3804399,0.06200000000000001,0.175,2760.0,0.18973705,13800.0
138,-14.940387,1.0087655,0.23612538,0.3804856,0.06000000000000001,0.23500000000000001,2780.0,0.18974668,13900.0
139,-16.30751,1.0089045,0.23610206,0.38051715,0.05500000000000001,0.2,2800.0,0.1897268,14000.0
140,-14.240898,1.0090044,0.23610055,0.38049468,0.06799999999999999,0.265,2820.0,0.18970773,14100.0
141,-13.7328615,1.0092056,0.2360599,0.3805167,0.065,0.23500000000000001,2840.0,0.18968785,14200.0
142,-15.5473385,1.0093503,0.2360735,0.3804925,0.05700000000000001,0.2,2860.0,0.18966478,14300.0
143,-15.1098175,1.0095613,0.23605719,0.38048476,0.038,0.195,2880.0,0.18964544,14400.0
144,-13.274874,1.0097916,0.23604627,0.38050443,0.071,0.275,2900.0,0.18959463,14500.0
145,-14.153989,1.0099392,0.23601678,0.38053495,0.06400000000000002,0.255,2920.0,0.18957672,14600.0
146,-14.907178,1.0101426,0.2359905,0.38056797,0.06,0.23500000000000001,2940.0,0.18958202,14700.0
147,-14.557467,1.0102756,0.23600097,0.38053432,0.064,0.25,2960.0,0.18955186,14800.0
148,-16.289778,1.0104773,0.23597756,0.38060838,0.049,0.29,2980.0,0.18950766,14900.0
149,-14.0824175,1.0106205,0.23595664,0.3806457,0.075,0.29500000000000004,3000.0,0.18949679,15000.0
150,-12.065335,1.0108293,0.23590669,0.3806897,0.07300000000000001,0.27,3020.0,0.18947212,15100.0
151,-11.491649,1.0109745,0.23588483,0.38070875,0.068,0.305,3040.0,0.1894429,15200.0
152,-12.892248,1.0111268,0.23586282,0.3807277,0.071,0.34500000000000003,3060.0,0.18940525,15300.0
153,-12.671236,1.0112749,0.23582149,0.38078672,0.079,0.255,3080.0,0.18938914,15400.0
154,-14.846361,1.0114483,0.23579212,0.3808052,0.06399999999999999,0.28500000000000003,3100.0,0.1893681,15500.0
155,-12.920897,1.0116571,0.23577456,0.3808146,0.063,0.315,3120.0,0.18933673,15600.0
156,-12.39167,1.0118551,0.23574416,0.380807,0.076,0.255,3140.0,0.18931887,15700.0
157,-11.374831,1.0120461,0.23570788,0.38080296,0.076,0.34500000000000003,3160.0,0.18928617,15800.0
158,-11.75152,1.0122609,0.2356821,0.3808083,0.074,0.34,3180.0,0.18924603,15900.0
159,-10.024103,1.0125036,0.23564354,0.38081688,0.059,0.35000000000000003,3200.0,0.18920246,16000.0
160,-12.717586,1.012744,0.23561867,0.38081843,0.06999999999999999,0.305,3220.0,0.18916228,16100.0
161,-11.420472,1.0129786,0.23558347,0.38086566,0.071,0.31,3240.0,0.18911877,16200.0
162,-12.272596,1.0132134,0.23555195,0.38092786,0.06000000000000001,0.29500000000000004,3260.0,0.18909588,16300.0
163,-14.116951,1.013436,0.23553112,0.3809622,0.076,0.295,3280.0,0.18909344,16400.0
164,-12.074343,1.013638,0.23550186,0.38100916,0.081,0.24,3300.0,0.18906802,16500.0
165,-11.219249,1.0138451,0.23546743,0.38107592,0.065,0.36,3320.0,0.18903676,16600.0
166,-11.664427,1.0139835,0.2354372,0.38110155,0.081,0.34500000000000003,3340.0,0.18901284,16700.0
167,-11.631727,1.0140779,0.23543617,0.3811348,0.066,0.27,3360.0,0.18904857,16800.0
168,-12.0030575,1.0142233,0.23540333,0.3811646,0.085,0.33499999999999996,3380.0,0.18902752,16900.0
169,-11.027438,1.0143638,0.23535863,0.38118404,0.067,0.335,3400.0,0.18900901,17000.0
170,-12.363371,1.0145032,0.23532155,0.38119483,0.08299999999999999,0.365,3420.0,0.18899897,17100.0
171,-11.332123,1.0146396,0.23531577,0.38122472,0.074,0.29500000000000004,3440.0,0.18901771,17200.0
172,-11.249171,1.0147368,0.23527758,0.38126653,0.076,0.30999999999999994,3460.0,0.18898813,17300.0
173,-12.001432,1.0148795,0.23526251,0.3812604,0.08,0.36,3480.0,0.18893036,17400.0
174,-11.921396,1.0150318,0.23524769,0.3812736,0.077,0.37,3500.0,0.1888748,17500.0
175,-12.114016,1.015188,0.23523533,0.3812643,0.08,0.28500000000000003,3520.0,0.18884826,17600.0
176,-12.06392,1.015322,0.23519771,0.38127035,0.088,0.345,3540.0,0.18881842,17700.0
177,-12.01747,1.015439,0.23519,0.3812688,0.074,0.39,3560.0,0.18880808,17800.0
178,-11.638756,1.015547,0.23515108,0.3813053,0.092,0.35,3580.0,0.18879052,17900.0
179,-10.294861,1.0155997,0.23511615,0.38132995,0.074,0.375,3600.0,0.18878326,18000.0
180,-11.798716,1.0156466,0.23507711,0.38133103,0.091,0.375,3620.0,0.18875317,18100.0
181,-11.140699,1.0156758,0.23507051,0.3813581,0.089,0.39,3640.0,0.18872924,18200.0
182,-10.194151,1.0157394,0.23504706,0.38134795,0.08399999999999999,0.44000000000000006,3660.0,0.18870616,18300.0
183,-10.470455,1.0157973,0.23501506,0.3813606,0.094,0.41,3680.0,0.18865767,18400.0
184,-12.235145,1.0158335,0.23500164,0.381394,0.08600000000000001,0.305,3700.0,0.18865354,18500.0
185,-13.166544,1.0158898,0.23497137,0.38140577,0.092,0.35,3720.0,0.18862626,18600.0
186,-10.861031,1.015942,0.23492894,0.38142985,0.092,0.425,3740.0,0.18858056,18700.0
187,-12.163534,1.0159954,0.2349002,0.38145286,0.11400000000000002,0.37,3760.0,0.18855307,18800.0
188,-11.8299465,1.0160818,0.23488793,0.38147956,0.092,0.4,3780.0,0.18853371,18900.0
189,-12.474398,1.016186,0.23483095,0.3815492,0.099,0.38,3800.0,0.18853131,19000.0
190,-10.730032,1.0162643,0.23479402,0.38155633,0.089,0.445,3820.0,0.18852751,19100.0
191,-12.696503,1.0163319,0.23478732,0.38153154,0.09100000000000001,0.39,3840.0,0.18851797,19200.0
192,-11.628514,1.0163946,0.23474237,0.38155752,0.095,0.385,3860.0,0.1885035,19300.0
193,-12.716251,1.0164778,0.23472841,0.38157815,0.06899999999999999,0.36500000000000005,3880.0,0.1884903,19400.0
194,-10.60329,1.0165663,0.23470798,0.3815716,0.074,0.355,3900.0,0.18848225,19500.0
195,-12.084402,1.0166563,0.23468807,0.38161117,0.092,0.34500000000000003,3920.0,0.18846378,19600.0
196,-13.038617,1.0167372,0.23464231,0.38164768,0.098,0.36,3940.0,0.18844807,19700.0
197,-10.917842,1.0168271,0.23460099,0.38170522,0.10300000000000001,0.43000000000000005,3960.0,0.18842657,19800.0
198,-11.777597,1.0169058,0.23454873,0.38174987,0.10699999999999998,0.31999999999999995,3980.0,0.18840468,19900.0
199,-10.872782,1.01701,0.23454499,0.38176328,0.095,0.45999999999999996,4000.0,0.18837509,20000.0
200,-12.319829,1.0170962,0.23453376,0.38175806,0.099,0.37,4020.0,0.18834141,20100.0
201,-13.741602,1.0172198,0.23452103,0.38176018,0.091,0.3,4040.0,0.18829718,20200.0
202,-12.382348,1.0173223,0.23450442,0.38176817,0.096,0.45999999999999996,4060.0,0.18826973,20300.0
203,-10.935211,1.0174282,0.23447883,0.38175774,0.07600000000000001,0.29500000000000004,4080.0,0.18824163,20400.0
204,-13.314931,1.0175159,0.23445968,0.38174623,0.099,0.385,4100.0,0.18818352,20500.0
205,-11.136771,1.0176046,0.23445864,0.381732,0.08299999999999999,0.44000000000000006,4120.0,0.1881469,20600.0
206,-12.915796,1.0177319,0.23445705,0.38172564,0.08499999999999999,0.375,4140.0,0.18814892,20700.0
207,-11.483111,1.017817,0.23445144,0.3817113,0.10900000000000001,0.375,4160.0,0.1881277,20800.0
208,-12.233307,1.0178943,0.23445745,0.38168555,0.082,0.4,4180.0,0.18811123,20900.0
209,-10.882095,1.0179781,0.23444065,0.38167876,0.09,0.425,4200.0,0.18809196,21000.0
210,-11.960539,1.018091,0.23442563,0.38168573,0.08399999999999999,0.4,4220.0,0.1880717,21100.0
211,-14.583478,1.0182006,0.23441395,0.38169926,0.093,0.395,4240.0,0.18803787,21200.0
212,-10.979029,1.0183005,0.23442069,0.38169116,0.074,0.375,4260.0,0.18801744,21300.0
213,-13.376976,1.0183954,0.23440604,0.38168746,0.10400000000000001,0.34,4280.0,0.18800735,21400.0
214,-11.733114,1.018497,0.2343909,0.3816765,0.099,0.4,4300.0,0.18799901,21500.0
215,-13.3344555,1.0185906,0.23437965,0.38165683,0.081,0.355,4320.0,0.18799047,21600.0
216,-12.016382,1.0187153,0.2344127,0.3816387,0.08800000000000001,0.41500000000000004,4340.0,0.1879583,21700.0
217,-12.995003,1.0188335,0.23440619,0.3816269,0.099,0.37,4360.0,0.18794668,21800.0
218,-13.341108,1.0189471,0.2344,0.3816207,0.096,0.39,4380.0,0.18795407,21900.0
219,-10.8042755,1.0190265,0.23440428,0.38159186,0.10100000000000002,0.38499999999999995,4400.0,0.18793264,22000.0
220,-11.788737,1.0191195,0.23442416,0.38158625,0.07,0.38499999999999995,4420.0,0.18791267,22100.0
221,-13.9586,1.0191817,0.2344095,0.3816019,0.082,0.34500000000000003,4440.0,0.18788865,22200.0
222,-9.6538925,1.0192754,0.23441419,0.381589,0.093,0.43,4460.0,0.18786451,22300.0
223,-12.1562805,1.0193745,0.23440719,0.38158053,0.096,0.37499999999999994,4480.0,0.18786773,22400.0
224,-10.808527,1.0195081,0.23441108,0.3815624,0.078,0.33999999999999997,4500.0,0.18785939,22500.0
225,-10.042844,1.0195885,0.23440032,0.38155785,0.09,0.41999999999999993,4520.0,0.18786323,22600.0
226,-12.069453,1.0197027,0.23441347,0.38154435,0.10300000000000001,0.34500000000000003,4540.0,0.18787846,22700.0
227,-10.930651,1.0197655,0.23442379,0.38152438,0.098,0.41500000000000004,4560.0,0.18787697,22800.0
228,-9.255511,1.0198228,0.23443358,0.38150257,0.089,0.465,4580.0,0.18788701,22900.0
229,-14.165202,1.0198662,0.23442945,0.3814889,0.10200000000000001,0.35,4600.0,0.18788248,23000.0
230,-12.112595,1.0199001,0.23441438,0.38145956,0.093,0.40499999999999997,4620.0,0.18785064,23100.0
231,-11.04052,1.0199417,0.23439828,0.38144445,0.10300000000000001,0.41500000000000004,4640.0,0.18784678,23200.0
232,-14.054097,1.0200207,0.23439467,0.3814314,0.101,0.39499999999999996,4660.0,0.18780832,23300.0
233,-9.993054,1.0200775,0.23440775,0.38140574,0.10900000000000001,0.44499999999999995,4680.0,0.18776515,23400.0
234,-12.106394,1.0201337,0.23439488,0.38140854,0.10200000000000001,0.4200000000000001,4700.0,0.18773824,23500.0
235,-12.242862,1.0201974,0.23438025,0.38139552,0.082,0.36500000000000005,4720.0,0.1877042,23600.0
236,-11.147243,1.0202644,0.23438609,0.3813746,0.084,0.41,4740.0,0.18767363,23700.0
237,-11.744688,1.0203089,0.23437098,0.38134247,0.08900000000000001,0.445,4760.0,0.18764293,23800.0
238,-11.06101,1.0203478,0.23437138,0.38131863,0.101,0.395,4780.0,0.18763295,23900.0
239,-10.421263,1.0203993,0.23436888,0.38128883,0.10500000000000002,0.45,4800.0,0.18760486,24000.0
240,-11.753027,1.020432,0.23436883,0.38127655,0.11099999999999999,0.445,4820.0,0.18758473,24100.0
241,-11.71406,1.020478,0.23435315,0.38129538,0.10900000000000001,0.39,4840.0,0.18756887,24200.0
242,-13.963478,1.020514,0.23434576,0.38129053,0.11800000000000002,0.45500000000000007,4860.0,0.1875424,24300.0
243,-9.187126,1.02057,0.23434933,0.38128632,0.096,0.43,4880.0,0.18751374,24400.0
244,-11.4513855,1.0206034,0.23433647,0.38127574,0.11099999999999999,0.485,4900.0,0.18748215,24500.0
245,-12.695059,1.0206139,0.23433653,0.3812399,0.096,0.4,4920.0,0.18746522,24600.0
246,-10.7282,1.0206523,0.23434372,0.38122112,0.08700000000000001,0.43499999999999994,4940.0,0.18745524,24700.0
247,-11.164892,1.0206954,0.23433265,0.38124245,0.11800000000000002,0.44000000000000006,4960.0,0.18743536,24800.0
248,-10.248323,1.0207298,0.23432335,0.38122907,0.126,0.495,4980.0,0.18740833,24900.0
249,-10.065704,1.020757,0.23431258,0.38122696,0.10800000000000001,0.42000000000000004,5000.0,0.18740049,25000.0
250,-11.036909,1.0207666,0.23429334,0.38120827,0.10500000000000001,0.49000000000000005,5020.0,0.18737414,25100.0
251,-11.708944,1.0207908,0.23428647,0.3811695,0.098,0.48,5040.0,0.18735842,25200.0
252,-10.443357,1.0208057,0.2342681,0.38117784,0.10200000000000001,0.53,5060.0,0.187329,25300.0
253,-10.246951,1.0208461,0.23424205,0.38120311,0.10200000000000001,0.51,5080.0,0.18730745,25400.0
254,-10.437929,1.0208552,0.2342175,0.38121372,0.132,0.425,5100.0,0.18730661,25500.0
255,-11.535595,1.0208763,0.23421046,0.3812129,0.124,0.495,5120.0,0.18729362,25600.0
256,-9.95656,1.0208975,0.2341977,0.38121766,0.11000000000000001,0.4600000000000001,5140.0,0.18726727,25700.0
257,-9.954564,1.0209392,0.23417659,0.38122123,0.10800000000000001,0.5050000000000001,5160.0,0.18724751,25800.0
258,-9.624272,1.0209739,0.23414889,0.38123494,0.12400000000000003,0.49000000000000005,5180.0,0.18720612,25900.0
259,-12.37051,1.0210062,0.23412934,0.3812384,0.10500000000000001,0.515,5200.0,0.18716606,26000.0
260,-10.208374,1.0210421,0.23411874,0.38122,0.101,0.5199999999999999,5220.0,0.1871492,26100.0
261,-9.117724,1.0210798,0.23410933,0.38120574,0.094,0.5,5240.0,0.18713376,26200.0
262,-11.295596,1.0211198,0.23409192,0.38119978,0.11099999999999999,0.45999999999999996,5260.0,0.18712181,26300.0
263,-10.667062,1.0211804,0.23408213,0.3812143,0.123,0.5650000000000001,5280.0,0.18710715,26400.0
264,-11.595804,1.0212443,0.23407194,0.38121304,0.097,0.42000000000000004,5300.0,0.18709227,26500.0
265,-13.670207,1.0212829,0.2340684,0.38121,0.125,0.495,5320.0,0.18708546,26600.0
266,-12.74505,1.0213115,0.2340599,0.38122955,0.096,0.5,5340.0,0.1870561,26700.0
267,-9.929481,1.0213476,0.23404603,0.38123232,0.11400000000000002,0.46499999999999997,5360.0,0.18704394,26800.0
268,-11.783537,1.0213902,0.23403664,0.38125592,0.101,0.43500000000000005,5380.0,0.18704528,26900.0
269,-11.9770775,1.0214276,0.23402663,0.38126594,0.10600000000000001,0.45999999999999996,5400.0,0.18704823,27000.0
270,-10.29403,1.0214676,0.23401436,0.38128582,0.11000000000000001,0.515,5420.0,0.1870282,27100.0
271,-9.969461,1.0215018,0.23399958,0.38128823,0.12000000000000002,0.465,5440.0,0.18701997,27200.0
272,-11.806924,1.0215392,0.23399182,0.3813054,0.10999999999999999,0.45500000000000007,5460.0,0.18701595,27300.0
273,-13.476614,1.0215368,0.23397896,0.38130403,0.123,0.365,5480.0,0.18700129,27400.0
274,-12.148225,1.02156,0.23397303,0.38129982,0.11099999999999999,0.4,5500.0,0.18699972,27500.0
275,-11.736612,1.0215971,0.23396215,0.3812909,0.10500000000000001,0.41500000000000004,5520.0,0.18700509,27600.0
276,-10.383978,1.0216086,0.23396222,0.381288,0.097,0.41,5540.0,0.18698367,27700.0
277,-9.99069,1.0216305,0.23397353,0.38127595,0.10300000000000001,0.475,5560.0,0.18697362,27800.0
278,-11.365931,1.0216787,0.23395634,0.3812942,0.10200000000000001,0.43500000000000005,5580.0,0.18696289,27900.0
279,-11.823846,1.021724,0.23393703,0.38130516,0.11400000000000002,0.395,5600.0,0.18695912,28000.0
280,-9.018654,1.0217423,0.23392041,0.38132635,0.1,0.5050000000000001,5620.0,0.18695638,28100.0
281,-12.676498,1.0217631,0.23389491,0.38133246,0.098,0.325,5640.0,0.18695672,28200.0
282,-11.870519,1.0217912,0.23388247,0.38134772,0.127,0.45,5660.0,0.18695565,28300.0
283,-12.684849,1.021836,0.23388132,0.38133854,0.10100000000000002,0.44000000000000006,5680.0,0.18695053,28400.0
284,-10.440806,1.0218737,0.2338841,0.38131842,0.10300000000000001,0.445,5700.0,0.18694869,28500.0
285,-9.301432,1.0219104,0.23386507,0.381334,0.095,0.49499999999999994,5720.0,0.18694396,28600.0
286,-8.527321,1.0219374,0.23385648,0.38134533,0.121,0.465,5740.0,0.18693984,28700.0
287,-10.195852,1.0219758,0.23384587,0.38135535,0.11000000000000001,0.41999999999999993,5760.0,0.18693312,28800.0
288,-11.191028,1.0219961,0.23383653,0.3813774,0.118,0.475,5780.0,0.18693498,28900.0
289,-9.885119,1.0220206,0.23382083,0.38138658,0.10100000000000002,0.49499999999999994,5800.0,0.18693933,29000.0
290,-9.096757,1.0220535,0.23380986,0.38138145,0.122,0.5399999999999999,5820.0,0.18692665,29100.0
291,-10.448453,1.022076,0.23379953,0.38140184,0.138,0.51,5840.0,0.186928,29200.0
292,-9.884585,1.0221193,0.2337952,0.38140088,0.10700000000000001,0.49000000000000005,5860.0,0.18691786,29300.0
293,-10.912757,1.0221612,0.23379806,0.3814094,0.10600000000000001,0.49000000000000005,5880.0,0.18692386,29400.0
294,-9.243434,1.0222018,0.23378678,0.38141966,0.127,0.49499999999999994,5900.0,0.18691146,29500.0
295,-9.63514,1.0222359,0.23377219,0.38142937,0.13499999999999998,0.49000000000000005,5920.0,0.18689898,29600.0
296,-11.55186,1.02226,0.2337499,0.38144094,0.12,0.525,5940.0,0.18687943,29700.0
297,-10.072423,1.0222995,0.23373847,0.38143378,0.11500000000000002,0.5,5960.0,0.18687093,29800.0
298,-10.253804,1.0223345,0.23372829,0.38145322,0.123,0.48,5980.0,0.186861,29900.0
299,-8.760218,1.0223591,0.23373309,0.38143706,0.099,0.545,6000.0,0.18683454,30000.0
300,-10.279249,1.022378,0.23372178,0.3814538,0.119,0.49000000000000005,6020.0,0.18680437,30100.0
301,-9.40949,1.0224205,0.23371668,0.38146275,0.10200000000000001,0.51,6040.0,0.18678313,30200.0
302,-7.4448547,1.0224636,0.23372002,0.38145417,0.129,0.54,6060.0,0.18678339,30300.0
303,-8.765482,1.0225016,0.23370397,0.3814698,0.139,0.545,6080.0,0.1867729,30400.0
304,-9.466724,1.0225518,0.23368983,0.38146442,0.127,0.5449999999999999,6100.0,0.18676355,30500.0
305,-9.443864,1.0225985,0.23367643,0.38148004,0.11800000000000002,0.51,6120.0,0.18676743,30600.0
306,-9.144298,1.0226297,0.23367135,0.38149244,0.125,0.5599999999999999,6140.0,0.18678251,30700.0
307,-8.299475,1.0226808,0.23367229,0.38150567,0.123,0.5700000000000001,6160.0,0.18679301,30800.0
308,-9.8947115,1.0227323,0.23365828,0.38152343,0.121,0.5549999999999999,6180.0,0.18679114,30900.0
309,-9.859576,1.02278,0.23365375,0.3815257,0.11299999999999999,0.5650000000000001,6200.0,0.18677598,31000.0
310,-9.149362,1.022804,0.23363538,0.38153043,0.132,0.475,6220.0,0.18675824,31100.0
311,-11.845029,1.0228403,0.23363194,0.38153514,0.11300000000000002,0.47000000000000003,6240.0,0.18675214,31200.0
312,-8.567925,1.0228717,0.23363066,0.38156754,0.121,0.5700000000000001,6260.0,0.18673876,31300.0
313,-9.900457,1.0229137,0.23363385,0.381568,0.095,0.53,6280.0,0.18673351,31400.0
314,-11.5046625,1.0229185,0.2336212,0.38159364,0.11400000000000002,0.485,6300.0,0.18673244,31500.0
315,-10.8715925,1.0229471,0.23361906,0.38159156,0.10900000000000001,0.56,6320.0,0.18672797,31600.0
316,-8.8333435,1.0229715,0.2336148,0.38158995,0.10800000000000001,0.58,6340.0,0.18672451,31700.0
317,-10.771363,1.022999,0.23360315,0.38159075,0.11300000000000002,0.475,6360.0,0.18672422,31800.0
318,-9.376939,1.0230253,0.23359168,0.38159376,0.126,0.5450000000000002,6380.0,0.18672329,31900.0
319,-9.753853,1.0230525,0.23358269,0.3816018,0.11100000000000002,0.5549999999999999,6400.0,0.18671638,32000.0
320,-10.167212,1.0230725,0.23357527,0.38159996,0.101,0.55,6420.0,0.18670186,32100.0
321,-11.05274,1.0231164,0.23357292,0.3815804,0.10600000000000001,0.5199999999999999,6440.0,0.18668513,32200.0
322,-8.493838,1.0231264,0.23357859,0.3815605,0.10400000000000001,0.5,6460.0,0.18667302,32300.0
323,-11.036452,1.0231676,0.23356915,0.38156915,0.13,0.465,6480.0,0.1866719,32400.0
324,-9.9145975,1.0232089,0.23356187,0.38157034,0.123,0.465,6500.0,0.18667579,32500.0
325,-7.5646653,1.0232263,0.23356004,0.38157445,0.099,0.615,6520.0,0.18667665,32600.0
326,-10.8137455,1.0232395,0.23355046,0.38157922,0.119,0.5599999999999999,6540.0,0.18666399,32700.0
327,-10.340399,1.0232623,0.23355408,0.3815679,0.142,0.465,6560.0,0.18666044,32800.0
328,-8.267973,1.023288,0.2335443,0.3815722,0.12,0.5,6580.0,0.18664709,32900.0
329,-9.265505,1.0233371,0.2335444,0.38157803,0.10200000000000001,0.585,6600.0,0.18664274,33000.0
330,-8.997651,1.0233545,0.23354714,0.38156992,0.125,0.5449999999999999,6620.0,0.18663517,33100.0
331,-8.935019,1.0233858,0.23354797,0.3815654,0.119,0.635,6640.0,0.18662007,33200.0
332,-8.984467,1.023394,0.23353517,0.38157827,0.10400000000000001,0.575,6660.0,0.18660358,33300.0
333,-8.917834,1.0234153,0.23353982,0.38156825,0.10600000000000001,0.49499999999999994,6680.0,0.18660514,33400.0
334,-8.444465,1.0234354,0.23353958,0.38155466,0.122,0.53,6700.0,0.18660033,33500.0
335,-9.101946,1.0234601,0.23352952,0.38156804,0.12999999999999998,0.5450000000000002,6720.0,0.18660383,33600.0
336,-7.9008317,1.0235021,0.23352739,0.38155776,0.134,0.5650000000000001,6740.0,0.1865947,33700.0
337,-9.783645,1.0235249,0.23352952,0.3815465,0.10900000000000001,0.53,6760.0,0.18657514,33800.0
338,-10.420807,1.0235411,0.23352773,0.38152966,0.121,0.55,6780.0,0.18656603,33900.0
339,-9.130919,1.0235535,0.23352356,0.3815276,0.10600000000000001,0.485,6800.0,0.18656282,34000.0
340,-7.8856354,1.0235704,0.23351559,0.38152114,0.123,0.5449999999999999,6820.0,0.18655281,34100.0
341,-9.837076,1.0235717,0.2335082,0.38151518,0.118,0.475,6840.0,0.18654975,34200.0
342,-8.299388,1.0235927,0.23350076,0.3815121,0.121,0.615,6860.0,0.18652257,34300.0
343,-9.571747,1.0236238,0.23350398,0.38150463,0.11600000000000002,0.525,6880.0,0.18650882,34400.0
344,-9.198025,1.0236487,0.23349527,0.38151202,0.128,0.53,6900.0,0.18650249,34500.0
345,-8.275316,1.0236733,0.23348275,0.38149625,0.126,0.545,6920.0,0.18648085,34600.0
346,-8.878024,1.0237042,0.2334809,0.38149604,0.125,0.5349999999999999,6940.0,0.18646541,34700.0
347,-8.734701,1.0237312,0.23345718,0.38151425,0.121,0.55,6960.0,0.18645434,34800.0
348,-7.6293344,1.0237396,0.23345146,0.38151097,0.131,0.57,6980.0,0.18643841,34900.0
349,-11.009936,1.0237373,0.23345752,0.38149124,0.121,0.515,7000.0,0.18640809,35000.0
350,-8.302592,1.0237489,0.23345312,0.3814926,0.119,0.5549999999999999,7020.0,0.18639156,35100.0
351,-8.441725,1.0237782,0.23345366,0.3814885,0.119,0.475,7040.0,0.1863589,35200.0
352,-9.091462,1.0237839,0.23344278,0.38148123,0.142,0.605,7060.0,0.18634671,35300.0
353,-9.747662,1.0238013,0.23344429,0.38148752,0.14100000000000001,0.48,7080.0,0.18632865,35400.0
354,-8.484502,1.0238183,0.23344198,0.38149133,0.121,0.5599999999999999,7100.0,0.18632063,35500.0
355,-8.013201,1.0238392,0.23343508,0.3814866,0.11600000000000002,0.55,7120.0,0.18631384,35600.0
356,-7.561563,1.023875,0.23343769,0.38147944,0.124,0.6849999999999999,7140.0,0.18630938,35700.0
357,-7.6079698,1.0238984,0.23342581,0.3814686,0.124,0.55,7160.0,0.18629782,35800.0
358,-8.917517,1.0239204,0.23342307,0.38145393,0.127,0.6,7180.0,0.18628888,35900.0
359,-8.057992,1.0239408,0.23341985,0.3814424,0.139,0.5900000000000001,7200.0,0.18627253,36000.0
360,-9.534474,1.0239563,0.23341146,0.3814478,0.138,0.555,7220.0,0.18626708,36100.0
361,-8.846965,1.0239757,0.23341176,0.38145018,0.139,0.5,7240.0,0.18625495,36200.0
362,-9.560049,1.0239723,0.23339811,0.38146538,0.11000000000000001,0.52,7260.0,0.18623193,36300.0
363,-8.996378,1.0239589,0.23339407,0.3814518,0.127,0.635,7280.0,0.18621823,36400.0
364,-7.6143312,1.0239522,0.23340006,0.38143975,0.11600000000000002,0.7,7300.0,0.18619232,36500.0
365,-9.325254,1.0239468,0.23340818,0.38142818,0.12400000000000003,0.5349999999999999,7320.0,0.18618588,36600.0
366,-7.41879,1.0239437,0.2334104,0.38142198,0.136,0.6250000000000001,7340.0,0.18617195,36700.0
367,-7.9460616,1.0239353,0.23340102,0.38142696,0.12800000000000003,0.5,7360.0,0.18615788,36800.0
368,-9.096103,1.0239315,0.23339085,0.38142696,0.146,0.5900000000000001,7380.0,0.18612427,36900.0
369,-6.9211564,1.0239499,0.23338822,0.3814164,0.134,0.615,7400.0,0.18610354,37000.0
370,-8.61837,1.0239452,0.2333887,0.38143116,0.149,0.5549999999999999,7420.0,0.18607405,37100.0
371,-7.698222,1.023951,0.23338465,0.38144845,0.13799999999999998,0.645,7440.0,0.18605907,37200.0
372,-8.2589035,1.0239484,0.23338294,0.3814493,0.138,0.52,7460.0,0.18604383,37300.0
373,-8.38088,1.0239376,0.23337305,0.38144207,0.129,0.615,7480.0,0.18603274,37400.0
374,-8.836763,1.0239444,0.23336156,0.38144365,0.129,0.5650000000000001,7500.0,0.18603602,37500.0
375,-7.378766,1.0239685,0.23335342,0.38145834,0.124,0.6100000000000001,7520.0,0.18604076,37600.0
376,-9.255031,1.0239685,0.23334345,0.3814674,0.13,0.51,7540.0,0.18602931,37700.0
377,-7.8989625,1.0239824,0.23333743,0.38147408,0.127,0.58,7560.0,0.18601923,37800.0
378,-8.403685,1.023968,0.23333487,0.3814625,0.137,0.525,7580.0,0.18600398,37900.0
379,-9.820338,1.0239697,0.23334077,0.3814613,0.151,0.54,7600.0,0.18599245,38000.0
380,-8.222456,1.0239863,0.23334157,0.38145047,0.11099999999999999,0.635,7620.0,0.18598576,38100.0
381,-7.141156,1.0239868,0.23334046,0.38145804,0.143,0.635,7640.0,0.18597385,38200.0
382,-6.8157973,1.0239947,0.23334658,0.38145775,0.118,0.64,7660.0,0.18595977,38300.0
383,-9.307131,1.0239971,0.23334217,0.38146067,0.133,0.65,7680.0,0.18594825,38400.0
384,-8.06738,1.0239949,0.23333886,0.38146582,0.14300000000000002,0.645,7700.0,0.18594229,38500.0
385,-9.060968,1.023982,0.23332524,0.38146788,0.133,0.55,7720.0,0.18592954,38600.0
386,-8.255602,1.0239944,0.23332891,0.38146934,0.11499999999999999,0.6300000000000001,7740.0,0.18592548,38700.0
387,-8.585366,1.023998,0.2333214,0.38148135,0.15100000000000002,0.515,7760.0,0.1859239,38800.0
388,-7.8555794,1.0239826,0.23331635,0.3814823,0.139,0.6100000000000001,7780.0,0.18591994,38900.0
389,-8.344927,1.023973,0.23331515,0.38148946,0.14100000000000001,0.625,7800.0,0.18590519,39000.0
390,-8.152887,1.0239744,0.23332086,0.38148132,0.131,0.615,7820.0,0.1858851,39100.0
391,-7.7175126,1.0239642,0.23331873,0.38147217,0.11699999999999999,0.6,7840.0,0.18587562,39200.0
392,-8.432459,1.0239575,0.23331647,0.38147348,0.15000000000000002,0.58,7860.0,0.18586528,39300.0
393,-7.221582,1.0239484,0.23331432,0.38148052,0.13799999999999998,0.6449999999999999,7880.0,0.18586543,39400.0
394,-8.398295,1.0239453,0.23331194,0.38148385,0.146,0.585,7900.0,0.18586865,39500.0
395,-9.43115,1.0239242,0.23331018,0.38147324,0.126,0.5599999999999999,7920.0,0.18586595,39600.0
396,-8.287313,1.0239279,0.23331034,0.38148278,0.132,0.6,7940.0,0.18586043,39700.0
397,-8.241361,1.0239284,0.23330621,0.3814817,0.14300000000000002,0.5650000000000001,7960.0,0.18584351,39800.0
398,-10.028624,1.023929,0.23329167,0.38148737,0.131,0.6,7980.0,0.18584335,39900.0
399,-6.997462,1.0239176,0.2332891,0.38148975,0.139,0.7,8000.0,0.18582314,40000.0
400,-9.215669,1.023906,0.23327799,0.38150445,0.16,0.6300000000000001,8020.0,0.1858145,40100.0
401,-8.732813,1.0239058,0.23327789,0.38151616,0.14400000000000002,0.625,8040.0,0.1858085,40200.0
402,-9.46413,1.023912,0.23326483,0.3815233,0.14600000000000002,0.6100000000000001,8060.0,0.18581149,40300.0
403,-7.7674456,1.0239198,0.23325925,0.38153443,0.15500000000000003,0.64,8080.0,0.18580613,40400.0
404,-7.8049774,1.0239131,0.23325297,0.38154274,0.159,0.6199999999999999,8100.0,0.18581578,40500.0
405,-7.6168203,1.02391,0.23323655,0.3815515,0.137,0.6799999999999999,8120.0,0.18580437,40600.0
406,-7.101683,1.0238912,0.23322324,0.3815415,0.132,0.66,8140.0,0.18579526,40700.0
407,-8.994577,1.0239048,0.23321848,0.38153452,0.132,0.63,8160.0,0.18579304,40800.0
408,-8.5289,1.0239065,0.23321204,0.38154167,0.154,0.5900000000000001,8180.0,0.18578045,40900.0
409,-7.787351,1.0239121,0.23321752,0.3815357,0.14,0.64,8200.0,0.18577209,41000.0
410,-7.5679207,1.0239213,0.23321517,0.38153535,0.14800000000000002,0.6900000000000001,8220.0,0.18575343,41100.0
411,-7.8410363,1.0239103,0.23321354,0.38153616,0.126,0.605,8240.0,0.18574277,41200.0
412,-6.5674257,1.0239187,0.23321371,0.38153344,0.129,0.675,8260.0,0.18573844,41300.0
413,-6.776502,1.0239165,0.23320079,0.38153285,0.144,0.675,8280.0,0.1857248,41400.0
414,-7.4920287,1.0239136,0.23318997,0.38153568,0.14700000000000002,0.6849999999999999,8300.0,0.18571143,41500.0
415,-8.155136,1.0239053,0.233176,0.38154015,0.146,0.5700000000000001,8320.0,0.1857143,41600.0
416,-7.982657,1.0239062,0.23317349,0.38152304,0.144,0.64,8340.0,0.1857099,41700.0
417,-8.102014,1.0239027,0.23316987,0.38151127,0.14200000000000002,0.6549999999999999,8360.0,0.18570074,41800.0
418,-6.5056343,1.0238972,0.23316579,0.3814888,0.14,0.6900000000000001,8380.0,0.18569045,41900.0
419,-6.955977,1.0239061,0.23316944,0.38149267,0.132,0.67,8400.0,0.18568027,42000.0
420,-8.336293,1.0238994,0.23314984,0.38150734,0.16100000000000003,0.61,8420.0,0.18566719,42100.0
421,-8.088564,1.0238975,0.23314707,0.3814951,0.15899999999999997,0.61,8440.0,0.18566222,42200.0
422,-6.92716,1.0238969,0.2331408,0.38149196,0.127,0.65,8460.0,0.18565789,42300.0
423,-8.9790325,1.0239131,0.23312798,0.3815031,0.131,0.5599999999999999,8480.0,0.18565217,42400.0
424,-8.557495,1.0239143,0.23313074,0.38149232,0.153,0.66,8500.0,0.18563983,42500.0
425,-8.239389,1.0239189,0.23312545,0.38149372,0.155,0.555,8520.0,0.18562627,42600.0
426,-8.491192,1.0239233,0.23312068,0.38149557,0.15700000000000003,0.615,8540.0,0.18562138,42700.0
427,-6.933539,1.0239289,0.23311739,0.3814966,0.13,0.675,8560.0,0.18560454,42800.0
428,-7.691179,1.0239214,0.23309779,0.3815158,0.156,0.595,8580.0,0.18559274,42900.0
429,-7.2624216,1.023909,0.23308608,0.3815331,0.133,0.5599999999999999,8600.0,0.18558288,43000.0
430,-8.429602,1.0239007,0.23306616,0.381533,0.139,0.6,8620.0,0.18557772,43100.0
431,-6.9657545,1.0239054,0.23306267,0.38152233,0.148,0.72,8640.0,0.18557796,43200.0
432,-7.617381,1.0238978,0.23305349,0.38152617,0.137,0.66,8660.0,0.18557113,43300.0
433,-9.601547,1.0238959,0.23304467,0.38152772,0.15,0.575,8680.0,0.18556245,43400.0
434,-8.83828,1.0239015,0.23304018,0.38152036,0.133,0.5449999999999999,8700.0,0.185559,43500.0
435,-6.85924,1.0238988,0.23303981,0.38150567,0.139,0.6,8720.0,0.18555132,43600.0
436,-6.9819984,1.0238892,0.23302694,0.38150412,0.144,0.6950000000000001,8740.0,0.18554989,43700.0
437,-9.336779,1.0238907,0.23302773,0.3814908,0.133,0.585,8760.0,0.18555126,43800.0
438,-6.6331863,1.0238867,0.23303254,0.381466,0.15899999999999997,0.685,8780.0,0.18554059,43900.0
439,-7.0373125,1.0238962,0.2330204,0.3814736,0.133,0.655,8800.0,0.18553868,44000.0
440,-7.057994,1.0238805,0.23302016,0.38148364,0.14700000000000002,0.6300000000000001,8820.0,0.18553188,44100.0
441,-8.212837,1.0238812,0.23302169,0.3814792,0.14200000000000002,0.5650000000000001,8840.0,0.18552294,44200.0
442,-9.020296,1.0238659,0.23301081,0.38147837,0.128,0.625,8860.0,0.18551764,44300.0
443,-7.4521775,1.0238466,0.23300055,0.3814856,0.122,0.615,8880.0,0.18550888,44400.0
444,-8.981796,1.0238374,0.23299804,0.38149613,0.126,0.635,8900.0,0.18550377,44500.0
445,-7.448593,1.023834,0.23299244,0.3815012,0.14500000000000002,0.675,8920.0,0.18549457,44600.0
446,-6.80317,1.0238278,0.23298106,0.38151821,0.127,0.6100000000000001,8940.0,0.18548241,44700.0
447,-8.765211,1.023839,0.23298185,0.38149947,0.14100000000000001,0.7150000000000001,8960.0,0.18547694,44800.0
448,-7.3961625,1.0238392,0.23296864,0.38150138,0.132,0.625,8980.0,0.18547538,44900.0
449,-7.725089,1.0238433,0.232953,0.38150293,0.132,0.55,9000.0,0.18546581,45000.0
450,-6.496886,1.0238516,0.23295514,0.381496,0.14700000000000002,0.64,9020.0,0.18545556,45100.0
451,-7.199736,1.0238485,0.23294798,0.3814954,0.154,0.6699999999999999,9040.0,0.185451,45200.0
452,-8.753496,1.0238655,0.23294091,0.38150662,0.123,0.5599999999999999,9060.0,0.18545017,45300.0
453,-6.8624525,1.0238721,0.23295021,0.3815027,0.122,0.6,9080.0,0.18543825,45400.0
454,-7.9007597,1.0238731,0.23294921,0.3815145,0.13799999999999998,0.64,9100.0,0.18542284,45500.0
455,-8.025385,1.0238631,0.2329413,0.38151398,0.154,0.625,9120.0,0.18542199,45600.0
456,-8.110609,1.0238603,0.23293647,0.38150993,0.156,0.6449999999999999,9140.0,0.1854138,45700.0
457,-7.8096833,1.0238523,0.23292895,0.3815117,0.151,0.605,9160.0,0.18540986,45800.0
458,-6.9462447,1.0238583,0.23292999,0.38150412,0.137,0.6050000000000001,9180.0,0.18540713,45900.0
459,-7.3566604,1.0238603,0.23292522,0.38149777,0.15899999999999997,0.625,9200.0,0.18538924,46000.0
460,-8.103932,1.0238593,0.23292539,0.38149458,0.14,0.64,9220.0,0.18537727,46100.0
461,-7.6706147,1.0238602,0.23290578,0.38149413,0.146,0.5900000000000001,9240.0,0.1853675,46200.0
462,-6.5989304,1.0238657,0.23290403,0.381497,0.13,0.5650000000000001,9260.0,0.18535832,46300.0
463,-8.232722,1.0238832,0.23289613,0.3814949,0.13,0.6599999999999999,9280.0,0.18536189,46400.0
464,-7.2211847,1.0238689,0.23289867,0.38148943,0.131,0.615,9300.0,0.18536289,46500.0
465,-6.2990136,1.023872,0.23290074,0.38148674,0.128,0.665,9320.0,0.18537131,46600.0
466,-7.7535143,1.0238688,0.23288777,0.3814854,0.139,0.64,9340.0,0.18536718,46700.0
467,-7.6668234,1.0238669,0.2328875,0.3814876,0.137,0.6199999999999999,9360.0,0.18536754,46800.0
468,-7.0688086,1.023864,0.23289077,0.3814822,0.14300000000000002,0.65,9380.0,0.18536925,46900.0
469,-9.015409,1.0238674,0.23289175,0.3814605,0.135,0.64,9400.0,0.18536428,47000.0
470,-6.8091636,1.0238615,0.23288217,0.38145643,0.144,0.675,9420.0,0.1853511,47100.0
471,-6.863054,1.0238602,0.2328875,0.38145226,0.13399999999999998,0.71,9440.0,0.18534258,47200.0
472,-7.625876,1.0238593,0.23287669,0.3814531,0.148,0.6599999999999999,9460.0,0.18533444,47300.0
473,-7.097876,1.023851,0.23287117,0.3814518,0.15100000000000002,0.55,9480.0,0.18532416,47400.0
474,-8.453409,1.0238464,0.23286708,0.38144833,0.133,0.6250000000000001,9500.0,0.18531749,47500.0
475,-6.837629,1.0238498,0.23286164,0.38143998,0.14300000000000002,0.6599999999999999,9520.0,0.18530563,47600.0
476,-8.725088,1.0238438,0.23285511,0.38143554,0.14,0.635,9540.0,0.18529084,47700.0
477,-8.4720955,1.0238354,0.2328566,0.38143522,0.142,0.64,9560.0,0.1852892,47800.0
478,-8.01265,1.0238411,0.23285337,0.3814248,0.128,0.655,9580.0,0.18528697,47900.0
479,-8.534846,1.023844,0.23285814,0.38141352,0.135,0.595,9600.0,0.185291,48000.0
480,-7.941912,1.023848,0.23286214,0.3814128,0.162,0.5900000000000001,9620.0,0.18527862,48100.0
481,-6.413007,1.0238682,0.23287103,0.381404,0.154,0.7,9640.0,0.18526605,48200.0
482,-8.442973,1.0238636,0.23286524,0.381409,0.14100000000000001,0.62,9660.0,0.18526022,48300.0
483,-7.0303864,1.0238669,0.23286787,0.38140225,0.131,0.615,9680.0,0.18524984,48400.0
484,-7.586665,1.0238653,0.23285726,0.38139796,0.152,0.61,9700.0,0.185245,48500.0
485,-7.0921593,1.0238764,0.23285279,0.38139686,0.13799999999999998,0.635,9720.0,0.18524545,48600.0
486,-10.408432,1.0238795,0.23285532,0.38138285,0.126,0.5599999999999999,9740.0,0.18525454,48700.0
487,-8.605417,1.0238903,0.23286036,0.38137,0.133,0.5650000000000001,9760.0,0.18524937,48800.0
488,-8.877814,1.0238998,0.23285452,0.38136214,0.122,0.6449999999999999,9780.0,0.18524297,48900.0
489,-8.221018,1.0239308,0.23286088,0.3813571,0.135,0.585,9800.0,0.18524843,49000.0
490,-7.855059,1.0239366,0.2328531,0.3813582,0.119,0.595,9820.0,0.18524387,49100.0
491,-6.395103,1.023949,0.23284078,0.38135403,0.148,0.655,9840.0,0.18524118,49200.0
492,-6.3540835,1.0239692,0.232833,0.38136205,0.13,0.67,9860.0,0.18523414,49300.0
493,-6.186759,1.023989,0.23282377,0.38136202,0.151,0.675,9880.0,0.18521981,49400.0
494,-7.3795905,1.0240214,0.23281607,0.3813661,0.134,0.575,9900.0,0.18520169,49500.0
495,-6.3163004,1.024051,0.23281614,0.3813612,0.14300000000000002,0.665,9920.0,0.18518524,49600.0
496,-6.092725,1.0240761,0.23280708,0.38137048,0.16699999999999998,0.705,9940.0,0.18517442,49700.0
497,-5.7683005,1.0241121,0.23280792,0.38136306,0.129,0.63,9960.0,0.18516114,49800.0
498,-6.548317,1.0241361,0.23281574,0.38136086,0.14400000000000002,0.6699999999999999,9980.0,0.18515557,49900.0
499,-5.960162,1.0241532,0.23281011,0.3813607,0.14200000000000002,0.7,10000.0,0.1851485,50000.0
500,-5.845402,1.0241503,0.23279878,0.38135356,0.158,0.71,10020.0,0.1851398,50100.0
501,-6.9610076,1.0241499,0.23278913,0.38135713,0.164,0.665,10040.0,0.18515724,50200.0
502,-6.25971,1.0241429,0.23278204,0.3813632,0.135,0.71,10060.0,0.18515274,50300.0
503,-7.665736,1.0241301,0.23277898,0.38135582,0.151,0.68,10080.0,0.1851398,50400.0
504,-7.2295303,1.0241177,0.23277347,0.38135856,0.148,0.6799999999999999,10100.0,0.18513417,50500.0
505,-6.8570237,1.0241039,0.23277207,0.38135582,0.14800000000000002,0.69,10120.0,0.18514308,50600.0
506,-7.1112013,1.0240839,0.23277196,0.3813538,0.157,0.695,10140.0,0.18514153,50700.0
507,-6.128853,1.0240829,0.23276201,0.38136214,0.155,0.7300000000000001,10160.0,0.18513715,50800.0
508,-6.0924807,1.0240681,0.23275585,0.38137287,0.158,0.755,10180.0,0.1851292,50900.0
509,-6.692595,1.0240619,0.23274574,0.38137406,0.158,0.6599999999999999,10200.0,0.18512008,51000.0
510,-5.606799,1.0240643,0.23273692,0.38138098,0.126,0.725,10220.0,0.18511423,51100.0
511,-7.1268387,1.024059,0.2327278,0.38137132,0.162,0.655,10240.0,0.1851109,51200.0
512,-7.7711587,1.0240539,0.23272352,0.38137364,0.15300000000000002,0.625,10260.0,0.18510906,51300.0
513,-6.9833055,1.0240579,0.23271827,0.38138276,0.151,0.71,10280.0,0.18510318,51400.0
514,-8.2455,1.0240486,0.23271103,0.3813858,0.179,0.6449999999999999,10300.0,0.18509915,51500.0
515,-7.491366,1.0240493,0.2327055,0.38138467,0.16299999999999998,0.635,10320.0,0.18509293,51600.0
516,-5.71475,1.0240624,0.23270269,0.3813787,0.14100000000000001,0.5800000000000001,10340.0,0.1850874,51700.0
517,-7.399896,1.0240692,0.23269157,0.38139123,0.135,0.6699999999999999,10360.0,0.18508199,51800.0
518,-7.991894,1.0240688,0.23269205,0.381395,0.16699999999999998,0.675,10380.0,0.18507126,51900.0
519,-7.75193,1.0240672,0.2326732,0.38140398,0.156,0.7350000000000001,10400.0,0.18506888,52000.0
520,-7.6652656,1.0240743,0.2326703,0.38140368,0.15899999999999997,0.625,10420.0,0.18505976,52100.0
521,-8.035229,1.0240829,0.23266979,0.38139886,0.16,0.65,10440.0,0.18504393,52200.0
522,-7.131021,1.0240953,0.23266962,0.38138574,0.157,0.605,10460.0,0.18503496,52300.0
523,-6.1347075,1.0240886,0.2326704,0.38138485,0.15899999999999997,0.7299999999999999,10480.0,0.1850219,52400.0
524,-6.992036,1.0240772,0.23266491,0.38138777,0.152,0.65,10500.0,0.18500787,52500.0
525,-6.7615066,1.0240757,0.23265748,0.3813917,0.16799999999999998,0.6950000000000001,10520.0,0.18500988,52600.0
526,-7.346573,1.0240786,0.23265846,0.3814052,0.14800000000000002,0.685,10540.0,0.18500666,52700.0
527,-5.8508577,1.0240629,0.23265569,0.38140297,0.142,0.675,10560.0,0.18500534,52800.0
528,-6.4337645,1.0240428,0.2326498,0.38140255,0.16299999999999998,0.715,10580.0,0.18499884,52900.0
529,-8.477705,1.0240388,0.23265314,0.3813992,0.14100000000000001,0.62,10600.0,0.18499413,53000.0
530,-6.994832,1.0240263,0.23264828,0.3814085,0.14300000000000002,0.7,10620.0,0.18498701,53100.0
531,-7.816868,1.024018,0.23264988,0.38140264,0.151,0.6950000000000001,10640.0,0.18498163,53200.0
532,-6.9681063,1.0240207,0.23264937,0.38140327,0.16099999999999998,0.65,10660.0,0.1849753,53300.0
533,-7.368272,1.0240028,0.23264666,0.38141093,0.14,0.6900000000000001,10680.0,0.18498123,53400.0
534,-6.8582153,1.0240047,0.2326437,0.38141266,0.124,0.63,10700.0,0.18497698,53500.0
535,-5.878502,1.023992,0.23263738,0.3814176,0.162,0.755,10720.0,0.18497722,53600.0
536,-6.221946,1.0239761,0.23263292,0.38141376,0.159,0.6900000000000001,10740.0,0.18497649,53700.0
537,-6.0752225,1.0239683,0.23263653,0.38140982,0.144,0.6849999999999999,10760.0,0.18496639,53800.0
538,-7.149855,1.0239627,0.23263232,0.38141164,0.132,0.655,10780.0,0.18496183,53900.0
539,-6.8544645,1.0239549,0.23262456,0.38142008,0.154,0.635,10800.0,0.18494785,54000.0
540,-7.3438096,1.0239522,0.23261449,0.38143045,0.16299999999999998,0.61,10820.0,0.1849331,54100.0
541,-6.7755966,1.0239588,0.23260942,0.3814333,0.159,0.6900000000000001,10840.0,0.18491359,54200.0
542,-7.5453887,1.0239594,0.23260841,0.3814343,0.14900000000000002,0.7,10860.0,0.1849056,54300.0
543,-7.1178713,1.0239553,0.23259838,0.3814301,0.164,0.65,10880.0,0.1848934,54400.0
544,-8.043913,1.023954,0.23259978,0.38141936,0.146,0.65,10900.0,0.18487856,54500.0
545,-6.923304,1.023948,0.23258857,0.38141555,0.166,0.675,10920.0,0.1848727,54600.0
546,-7.049258,1.0239556,0.23258018,0.38141966,0.181,0.6950000000000001,10940.0,0.18486981,54700.0
547,-6.2051115,1.0239531,0.23258655,0.3814153,0.152,0.7150000000000001,10960.0,0.18485937,54800.0
548,-7.9365425,1.0239506,0.23258027,0.38140774,0.13799999999999998,0.6599999999999999,10980.0,0.18485078,54900.0
549,-5.95132,1.0239575,0.23257728,0.38140076,0.14100000000000001,0.7150000000000001,11000.0,0.18483528,55000.0
550,-6.995356,1.0239673,0.23257175,0.38140908,0.14200000000000002,0.645,11020.0,0.1848238,55100.0
551,-6.2738504,1.0239756,0.23257475,0.38140115,0.134,0.6900000000000001,11040.0,0.18481153,55200.0
552,-6.4036417,1.023978,0.2325681,0.381397,0.144,0.665,11060.0,0.18479437,55300.0
553,-7.457097,1.0239768,0.23255792,0.38139814,0.152,0.64,11080.0,0.18478492,55400.0
554,-6.448125,1.023973,0.23255095,0.38140208,0.158,0.7100000000000001,11100.0,0.18477638,55500.0
555,-7.5422564,1.0239699,0.23255,0.381409,0.148,0.705,11120.0,0.18476787,55600.0
556,-6.7482886,1.0239689,0.23254852,0.3814066,0.164,0.705,11140.0,0.18476148,55700.0
557,-6.453971,1.0239666,0.2325382,0.38140744,0.128,0.71,11160.0,0.18475398,55800.0
558,-7.5971756,1.0239725,0.23254189,0.3814059,0.146,0.64,11180.0,0.184744,55900.0
559,-6.691533,1.0239725,0.23253696,0.3814003,0.14400000000000002,0.735,11200.0,0.18473458,56000.0
560,-7.0335326,1.0239795,0.2325367,0.38139957,0.147,0.7,11220.0,0.18473402,56100.0
561,-6.559922,1.0239727,0.23253055,0.38140598,0.137,0.6449999999999999,11240.0,0.18472953,56200.0
562,-7.6592584,1.0239674,0.23253162,0.38140243,0.15499999999999997,0.7,11260.0,0.18472862,56300.0
563,-6.7573915,1.0239557,0.23253146,0.3814035,0.123,0.72,11280.0,0.18472175,56400.0
564,-7.341279,1.0239494,0.23252466,0.3814001,0.149,0.6900000000000001,11300.0,0.18471411,56500.0
565,-6.356387,1.0239472,0.23251796,0.3814043,0.15,0.65,11320.0,0.18470696,56600.0
566,-5.8100767,1.0239394,0.2325141,0.38139844,0.15299999999999997,0.73,11340.0,0.18470415,56700.0
567,-8.108824,1.0239279,0.23250493,0.38140506,0.152,0.675,11360.0,0.18470347,56800.0
568,-7.4919386,1.0239291,0.23250575,0.38140863,0.16499999999999998,0.74,11380.0,0.18469648,56900.0
569,-6.195216,1.0239332,0.2324998,0.38141197,0.13799999999999998,0.6950000000000001,11400.0,0.18469715,57000.0
570,-7.4414177,1.0239294,0.23249587,0.38141403,0.146,0.675,11420.0,0.18469223,57100.0
571,-7.5812006,1.0239286,0.23249125,0.3814129,0.13,0.645,11440.0,0.1846896,57200.0
572,-6.647832,1.0239369,0.2324843,0.3814159,0.142,0.7,11460.0,0.1846846,57300.0
573,-6.882483,1.0239503,0.23248538,0.38141185,0.158,0.665,11480.0,0.184681,57400.0
574,-6.3773403,1.0239544,0.23248069,0.3814098,0.156,0.6599999999999999,11500.0,0.18467611,57500.0
575,-7.087695,1.0239582,0.23247612,0.3814091,0.14300000000000002,0.67,11520.0,0.18466839,57600.0
576,-6.522332,1.0239575,0.23246959,0.3814103,0.15499999999999997,0.74,11540.0,0.18466324,57700.0
577,-6.2533607,1.0239569,0.23245946,0.3814144,0.15500000000000003,0.7550000000000001,11560.0,0.18466404,57800.0
578,-6.5603814,1.0239534,0.23245826,0.38141862,0.132,0.71,11580.0,0.18466198,57900.0
579,-6.103215,1.0239605,0.23245582,0.38141483,0.124,0.6799999999999999,11600.0,0.1846542,58000.0
580,-6.957016,1.0239547,0.23245454,0.38140434,0.172,0.675,11620.0,0.18464124,58100.0
581,-5.7690115,1.0239608,0.23245183,0.38140306,0.16199999999999998,0.7,11640.0,0.18463382,58200.0
582,-6.3078833,1.0239644,0.23244488,0.38140756,0.145,0.7350000000000001,11660.0,0.18462785,58300.0
583,-7.30301,1.0239737,0.23244233,0.3814078,0.162,0.69,11680.0,0.18461516,58400.0
584,-7.318944,1.023977,0.23243637,0.3814006,0.15000000000000002,0.6050000000000001,11700.0,0.18460962,58500.0
585,-6.8424225,1.0239806,0.23243289,0.3813972,0.133,0.7,11720.0,0.18459928,58600.0
586,-5.4050894,1.0239804,0.23242636,0.38139516,0.132,0.6849999999999999,11740.0,0.18459088,58700.0
587,-6.322203,1.0239989,0.23242135,0.38138586,0.154,0.665,11760.0,0.18458004,58800.0
588,-5.742228,1.0240018,0.23242386,0.38137445,0.154,0.685,11780.0,0.18457285,58900.0
589,-8.605754,1.0240091,0.23241667,0.38138017,0.13399999999999998,0.6599999999999999,11800.0,0.18457383,59000.0
590,-6.5852532,1.0240053,0.23241071,0.38138595,0.154,0.685,11820.0,0.18457058,59100.0
591,-6.9952493,1.0240128,0.23240797,0.3813811,0.145,0.705,11840.0,0.18456239,59200.0
592,-6.349885,1.0240233,0.23240352,0.38138452,0.14100000000000001,0.58,11860.0,0.18455358,59300.0
593,-7.3229384,1.0240226,0.23239926,0.3813785,0.162,0.63,11880.0,0.18454364,59400.0
594,-7.084769,1.024024,0.23240519,0.38136882,0.144,0.625,11900.0,0.18452993,59500.0
595,-5.568115,1.0240332,0.23240528,0.38137135,0.138,0.675,11920.0,0.18452176,59600.0
596,-5.553653,1.0240371,0.23239942,0.38136935,0.157,0.72,11940.0,0.18451375,59700.0
597,-6.6032867,1.024032,0.23238906,0.381375,0.16000000000000003,0.69,11960.0,0.18451373,59800.0
598,-6.2843056,1.0240335,0.23238154,0.38137722,0.164,0.67,11980.0,0.18451318,59900.0
599,-5.9930215,1.0240314,0.23237999,0.38138565,0.142,0.72,12000.0,0.1845117,60000.0
600,-5.6935706,1.0240313,0.23238151,0.38138837,0.165,0.72,12020.0,0.1845028,60100.0
601,-7.14482,1.0240421,0.2323772,0.38139015,0.14500000000000002,0.6649999999999999,12040.0,0.18449536,60200.0
602,-6.4329553,1.0240448,0.23237424,0.38138276,0.14900000000000002,0.695,12060.0,0.18447872,60300.0
603,-5.1599855,1.0240438,0.23236713,0.38137284,0.17,0.6900000000000001,12080.0,0.18447253,60400.0
604,-7.905641,1.024051,0.23236437,0.38137326,0.143,0.62,12100.0,0.18446326,60500.0
605,-6.4023604,1.0240514,0.23235877,0.38137817,0.14600000000000002,0.665,12120.0,0.1844571,60600.0
606,-7.2040453,1.0240545,0.23235163,0.38138515,0.14300000000000002,0.6900000000000001,12140.0,0.18445385,60700.0
607,-5.5513563,1.0240579,0.23234479,0.38139343,0.159,0.7299999999999999,12160.0,0.18445227,60800.0
608,-6.0740595,1.0240617,0.23233874,0.38140088,0.155,0.74,12180.0,0.1844556,60900.0
609,-7.036653,1.0240676,0.23233783,0.38139892,0.13799999999999998,0.655,12200.0,0.18444929,61000.0
610,-6.6273413,1.0240719,0.2323362,0.38140312,0.148,0.7350000000000001,12220.0,0.18443923,61100.0
611,-5.536989,1.0240743,0.23233053,0.38139993,0.14700000000000002,0.705,12240.0,0.18442789,61200.0
612,-8.493516,1.0240805,0.23232917,0.38139096,0.14100000000000001,0.625,12260.0,0.18442097,61300.0
613,-5.275862,1.0240755,0.23232539,0.3813928,0.159,0.74,12280.0,0.184413,61400.0
614,-5.908147,1.0240798,0.23232345,0.3813855,0.176,0.7299999999999999,12300.0,0.18440077,61500.0
615,-6.73863,1.0240883,0.232323,0.38138694,0.14100000000000001,0.6849999999999999,12320.0,0.18438956,61600.0
616,-5.5116334,1.02409,0.23231062,0.38138884,0.177,0.655,12340.0,0.18438178,61700.0
617,-6.1176515,1.0240915,0.23230295,0.38138667,0.14899999999999997,0.665,12360.0,0.18437448,61800.0
618,-6.8000474,1.02409,0.2322927,0.38138953,0.18,0.6599999999999999,12380.0,0.1843695,61900.0
619,-6.8613534,1.0240915,0.23229177,0.38139424,0.16599999999999998,0.725,12400.0,0.18436283,62000.0
620,-6.3468666,1.0240877,0.23228323,0.38139945,0.14500000000000002,0.7,12420.0,0.18436283,62100.0
621,-4.9299765,1.0240967,0.2322783,0.38140172,0.172,0.7700000000000001,12440.0,0.18435553,62200.0
622,-6.471714,1.0241016,0.23228352,0.38138598,0.158,0.6950000000000001,12460.0,0.18434194,62300.0
623,-7.181592,1.0241053,0.23228016,0.38138622,0.16399999999999998,0.635,12480.0,0.184333,62400.0
624,-6.539019,1.0241085,0.23227355,0.38138732,0.15499999999999997,0.6849999999999999,12500.0,0.18432264,62500.0
625,-6.7126265,1.0241158,0.23226967,0.38139588,0.14700000000000002,0.6849999999999999,12520.0,0.18431318,62600.0
626,-5.450503,1.0241191,0.23226018,0.3813941,0.16299999999999998,0.745,12540.0,0.18429738,62700.0
627,-6.1258483,1.0241148,0.23224692,0.38140446,0.16899999999999998,0.6799999999999999,12560.0,0.1842914,62800.0
628,-5.74599,1.0241215,0.23224935,0.38140193,0.14700000000000002,0.76,12580.0,0.18428507,62900.0
629,-6.9729843,1.0241302,0.23224552,0.38139457,0.138,0.74,12600.0,0.18427303,63000.0
630,-6.619507,1.0241368,0.23224369,0.3813974,0.14400000000000002,0.7699999999999999,12620.0,0.18426113,63100.0
631,-5.664874,1.0241385,0.23223534,0.38140455,0.16099999999999998,0.715,12640.0,0.18425646,63200.0
632,-6.9712906,1.0241432,0.23222744,0.38140297,0.16999999999999998,0.6799999999999999,12660.0,0.18424837,63300.0
633,-6.1289434,1.0241559,0.23221803,0.38140383,0.174,0.655,12680.0,0.1842401,63400.0
634,-6.797911,1.0241649,0.23221199,0.3814074,0.17099999999999999,0.6850000000000002,12700.0,0.18423137,63500.0
635,-6.178037,1.0241759,0.23221302,0.38140506,0.14100000000000001,0.665,12720.0,0.18422237,63600.0
636,-6.72531,1.0241867,0.23220983,0.3814078,0.14700000000000002,0.71,12740.0,0.18421432,63700.0
637,-5.907105,1.0241916,0.23220909,0.38141376,0.157,0.6950000000000001,12760.0,0.18420774,63800.0
638,-6.9862776,1.0241997,0.23220463,0.3814202,0.15500000000000003,0.66,12780.0,0.18420371,63900.0
639,-5.9326944,1.0242128,0.23220894,0.38141203,0.183,0.6599999999999999,12800.0,0.1841918,64000.0
640,-6.0955215,1.0242208,0.23221108,0.38140827,0.124,0.62,12820.0,0.18418129,64100.0
641,-6.638134,1.0242221,0.23221084,0.38140583,0.147,0.6900000000000001,12840.0,0.18417522,64200.0
642,-6.040166,1.0242172,0.23220769,0.38140398,0.14100000000000001,0.655,12860.0,0.1841687,64300.0
643,-7.641237,1.0242231,0.23220563,0.38140267,0.14100000000000001,0.58,12880.0,0.1841671,64400.0
644,-6.8815413,1.0242293,0.23220786,0.38140932,0.13399999999999998,0.665,12900.0,0.18416408,64500.0
645,-5.9204073,1.024242,0.23220912,0.38140863,0.142,0.7550000000000001,12920.0,0.18415542,64600.0
646,-6.2923603,1.0242507,0.23220381,0.38142318,0.125,0.74,12940.0,0.18415338,64700.0
647,-6.4429884,1.0242562,0.23219976,0.3814343,0.128,0.7150000000000001,12960.0,0.18414393,64800.0
648,-5.6685495,1.0242665,0.2321972,0.38143784,0.151,0.6799999999999999,12980.0,0.18413743,64900.0
649,-6.916495,1.0242708,0.23219314,0.38144344,0.148,0.65,13000.0,0.184131,65000.0
650,-6.307971,1.024285,0.2321878,0.38144928,0.131,0.6849999999999999,13020.0,0.1841205,65100.0
651,-6.3687844,1.0242913,0.2321833,0.38145143,0.2,0.665,13040.0,0.18411262,65200.0
652,-7.021585,1.024299,0.2321833,0.3814575,0.146,0.68,13060.0,0.1841085,65300.0
653,-5.658834,1.0243086,0.23218384,0.38146716,0.156,0.69,13080.0,0.18410355,65400.0
654,-6.7185163,1.0243161,0.23217985,0.38147205,0.14899999999999997,0.6699999999999999,13100.0,0.1840938,65500.0
655,-7.196119,1.0243193,0.23217738,0.38147488,0.146,0.675,13120.0,0.18408772,65600.0
656,-7.926669,1.0243335,0.2321821,0.38146645,0.14600000000000002,0.74,13140.0,0.1840842,65700.0
657,-6.6306334,1.0243614,0.23218293,0.38146144,0.131,0.725,13160.0,0.18408409,65800.0
658,-5.247529,1.0243784,0.23218358,0.38146025,0.134,0.655,13180.0,0.18408033,65900.0
659,-6.682077,1.0243801,0.23218246,0.38145828,0.156,0.74,13200.0,0.18407759,66000.0
660,-5.3693495,1.0243816,0.23218262,0.3814538,0.154,0.72,13220.0,0.18407433,66100.0
661,-6.8099623,1.0243896,0.23218136,0.38145596,0.137,0.655,13240.0,0.1840621,66200.0
662,-6.429816,1.0243963,0.23217542,0.38145295,0.144,0.7050000000000001,13260.0,0.18405023,66300.0
663,-6.1143136,1.0243981,0.23216982,0.38145763,0.132,0.7150000000000001,13280.0,0.18404016,66400.0
664,-6.431956,1.0243962,0.23216863,0.38144487,0.173,0.7,13300.0,0.18403044,66500.0
665,-6.141036,1.0243994,0.2321697,0.38144335,0.14100000000000001,0.725,13320.0,0.184022,66600.0
666,-6.4065475,1.024403,0.23216692,0.3814519,0.128,0.5950000000000001,13340.0,0.18401697,66700.0
667,-6.291688,1.0244067,0.23216525,0.38145596,0.154,0.705,13360.0,0.18400936,66800.0
668,-6.0869613,1.0244093,0.2321641,0.38145924,0.138,0.695,13380.0,0.18399844,66900.0
669,-4.8735847,1.0244145,0.23216514,0.38146,0.162,0.7049999999999998,13400.0,0.18399398,67000.0
670,-6.6788673,1.0244186,0.23216331,0.38145906,0.146,0.65,13420.0,0.1839929,67100.0
671,-5.3950386,1.0244253,0.23216133,0.38146037,0.13999999999999999,0.7,13440.0,0.18398538,67200.0
672,-6.4677405,1.0244375,0.23216407,0.38145208,0.124,0.6799999999999999,13460.0,0.1839762,67300.0
673,-6.0281243,1.0244497,0.23216078,0.38144547,0.15699999999999997,0.69,13480.0,0.18396491,67400.0
674,-5.2338805,1.0244572,0.23215587,0.3814446,0.15899999999999997,0.6799999999999999,13500.0,0.18395555,67500.0
675,-8.089065,1.0244615,0.23214898,0.38144994,0.139,0.6199999999999999,13520.0,0.18394509,67600.0
676,-7.0114837,1.0244699,0.23214631,0.38144284,0.14100000000000001,0.655,13540.0,0.18393707,67700.0
677,-6.924405,1.024471,0.2321394,0.3814463,0.144,0.725,13560.0,0.18393126,67800.0
678,-5.372617,1.024471,0.23213649,0.38144833,0.144,0.7449999999999999,13580.0,0.18392834,67900.0
679,-6.1774516,1.0244772,0.23213105,0.3814544,0.16099999999999998,0.6199999999999999,13600.0,0.18391445,68000.0
680,-4.662062,1.0244772,0.23212166,0.38145548,0.138,0.725,13620.0,0.18391389,68100.0
681,-7.6036544,1.024478,0.23211785,0.381454,0.139,0.65,13640.0,0.18390688,68200.0
682,-7.055415,1.0244701,0.2321047,0.38145548,0.148,0.67,13660.0,0.18390326,68300.0
683,-6.802574,1.0244689,0.23210168,0.38145667,0.14400000000000002,0.6799999999999999,13680.0,0.18389809,68400.0
684,-4.990435,1.0244672,0.23209623,0.38145155,0.15100000000000002,0.72,13700.0,0.18389341,68500.0
685,-6.7413507,1.0244739,0.23209205,0.3814501,0.155,0.685,13720.0,0.18388803,68600.0
686,-4.998075,1.0244853,0.23209004,0.38144773,0.14400000000000002,0.755,13740.0,0.183876,68700.0
687,-5.562185,1.0244815,0.23208246,0.38144642,0.16699999999999998,0.645,13760.0,0.18386945,68800.0
688,-5.1548567,1.0244832,0.23207907,0.3814444,0.14100000000000001,0.7050000000000001,13780.0,0.18386073,68900.0
689,-5.773922,1.0244899,0.23207533,0.38144368,0.16699999999999998,0.665,13800.0,0.18384868,69000.0
690,-5.11297,1.0244954,0.23206882,0.38144436,0.16299999999999998,0.7150000000000001,13820.0,0.183842,69100.0
691,-5.1105285,1.024493,0.23207001,0.38144293,0.154,0.73,13840.0,0.18383709,69200.0
692,-5.078322,1.0244904,0.23206668,0.38144165,0.16899999999999998,0.7250000000000001,13860.0,0.18383235,69300.0
693,-5.678624,1.0244901,0.2320642,0.38144284,0.155,0.765,13880.0,0.18382403,69400.0
694,-4.6981854,1.0244917,0.23206194,0.38143796,0.15699999999999997,0.72,13900.0,0.18381462,69500.0
695,-6.590596,1.0244915,0.23205876,0.38144428,0.15500000000000003,0.68,13920.0,0.18380591,69600.0
696,-6.6780715,1.0245032,0.23206279,0.3814388,0.15,0.69,13940.0,0.18379728,69700.0
697,-6.393911,1.0245079,0.23205619,0.3814401,0.162,0.6799999999999999,13960.0,0.18379036,69800.0
698,-6.7874613,1.0245047,0.23205082,0.3814394,0.138,0.655,13980.0,0.18379764,69900.0
699,-5.676444,1.0244992,0.23204991,0.38143834,0.139,0.72,14000.0,0.18379256,70000.0
700,-5.650102,1.0244993,0.2320458,0.38144383,0.156,0.74,14020.0,0.18379039,70100.0
701,-5.9471693,1.0244989,0.23204148,0.3814466,0.174,0.7050000000000001,14040.0,0.18378767,70200.0
702,-7.4449425,1.0244997,0.23203453,0.38144392,0.144,0.715,14060.0,0.1837922,70300.0
703,-6.110868,1.0245013,0.23203628,0.3814369,0.144,0.655,14080.0,0.18379493,70400.0
704,-6.176526,1.0245051,0.23202658,0.38144296,0.173,0.7150000000000001,14100.0,0.18379435,70500.0
705,-6.7106094,1.0245013,0.23202261,0.38144478,0.174,0.645,14120.0,0.18379089,70600.0
706,-6.1618013,1.0245049,0.2320209,0.3814425,0.162,0.755,14140.0,0.18378127,70700.0
707,-7.674333,1.0245092,0.23202376,0.38143548,0.14300000000000002,0.635,14160.0,0.18378183,70800.0
708,-5.5789385,1.0245066,0.23202308,0.38142902,0.131,0.74,14180.0,0.18378225,70900.0
709,-6.767946,1.0245098,0.23201838,0.38142413,0.127,0.6799999999999999,14200.0,0.18377969,71000.0
710,-6.5662127,1.024514,0.23201552,0.381428,0.16,0.675,14220.0,0.18377261,71100.0
711,-6.233428,1.0245183,0.2320102,0.38143396,0.174,0.665,14240.0,0.18376097,71200.0
712,-6.5098305,1.0245266,0.23200664,0.38143793,0.15300000000000002,0.72,14260.0,0.18375263,71300.0
713,-6.0058827,1.0245262,0.2320017,0.3814425,0.14300000000000002,0.665,14280.0,0.18374237,71400.0
714,-6.071915,1.0245327,0.23199487,0.38144785,0.16,0.6700000000000002,14300.0,0.18373224,71500.0
715,-5.2971487,1.0245378,0.2319963,0.38144627,0.135,0.74,14320.0,0.18372592,71600.0
716,-5.7069893,1.0245521,0.23199245,0.3814518,0.138,0.675,14340.0,0.1837197,71700.0
717,-6.67594,1.0245521,0.2319831,0.38145295,0.16299999999999998,0.61,14360.0,0.18371579,71800.0
718,-6.2362223,1.0245566,0.23198053,0.38145208,0.155,0.6700000000000002,14380.0,0.18371353,71900.0
719,-6.893892,1.0245644,0.23197946,0.38145775,0.13799999999999998,0.6050000000000001,14400.0,0.18371992,72000.0
720,-5.7581778,1.0245746,0.23198171,0.38145646,0.147,0.675,14420.0,0.18371816,72100.0
721,-7.1470985,1.0245726,0.231982,0.38146693,0.125,0.69,14440.0,0.18371418,72200.0
722,-6.519624,1.0245701,0.23197934,0.38147217,0.14700000000000002,0.645,14460.0,0.18370935,72300.0
723,-7.515222,1.0245664,0.23198023,0.38146982,0.16199999999999998,0.63,14480.0,0.18370599,72400.0
724,-6.5595827,1.024574,0.23198381,0.38147193,0.122,0.665,14500.0,0.18370397,72500.0
725,-4.9908247,1.0245736,0.23198767,0.38146868,0.14300000000000002,0.635,14520.0,0.18370253,72600.0
726,-6.9645624,1.0245867,0.23198661,0.381468,0.142,0.5599999999999999,14540.0,0.18369648,72700.0
727,-7.1588526,1.0245869,0.23198847,0.381463,0.14900000000000002,0.6599999999999999,14560.0,0.1836969,72800.0
728,-7.3798776,1.0245844,0.2319912,0.38146585,0.146,0.63,14580.0,0.18370053,72900.0
729,-4.885455,1.0245919,0.2319866,0.38146582,0.126,0.725,14600.0,0.18369898,73000.0
730,-5.330869,1.0245922,0.23198311,0.3814632,0.14500000000000002,0.695,14620.0,0.18369785,73100.0
731,-6.871248,1.024593,0.23197603,0.3814691,0.141,0.665,14640.0,0.18369265,73200.0
732,-7.513913,1.0245854,0.231974,0.38146967,0.139,0.625,14660.0,0.18368179,73300.0
733,-5.8965836,1.0245842,0.23196268,0.38147992,0.15100000000000002,0.6950000000000001,14680.0,0.18368009,73400.0
734,-6.3992844,1.0245861,0.23195334,0.38148278,0.191,0.6199999999999999,14700.0,0.18367457,73500.0
735,-7.165923,1.0245855,0.23195274,0.38146883,0.152,0.645,14720.0,0.18366936,73600.0
736,-5.7723656,1.0245817,0.23194787,0.38147154,0.135,0.7449999999999999,14740.0,0.18366882,73700.0
737,-5.136603,1.0245802,0.23194754,0.3814718,0.136,0.7150000000000001,14760.0,0.18366817,73800.0
738,-6.273931,1.0245851,0.23194894,0.38147402,0.139,0.735,14780.0,0.18366131,73900.0
739,-7.609248,1.024585,0.23194137,0.38147837,0.156,0.625,14800.0,0.18365386,74000.0
740,-6.3205338,1.0245826,0.23193221,0.38147736,0.12400000000000003,0.5900000000000001,14820.0,0.1836456,74100.0
741,-6.508069,1.0245855,0.23192818,0.3814784,0.131,0.725,14840.0,0.18363854,74200.0
742,-5.59049,1.024588,0.23192391,0.38147837,0.154,0.71,14860.0,0.18363671,74300.0
743,-6.8466935,1.0245831,0.2319216,0.38147697,0.143,0.6950000000000001,14880.0,0.18363768,74400.0
744,-6.4997177,1.0245892,0.23191969,0.38147902,0.144,0.6449999999999999,14900.0,0.18363376,74500.0
745,-5.604987,1.0245922,0.23191504,0.38148642,0.13999999999999999,0.6599999999999999,14920.0,0.18363121,74600.0
746,-6.275751,1.0245987,0.23191205,0.38148743,0.16299999999999998,0.67,14940.0,0.18362817,74700.0
747,-4.8349504,1.0246067,0.23191306,0.38148016,0.15100000000000002,0.72,14960.0,0.18362908,74800.0
748,-4.6710997,1.0246122,0.23191278,0.38147864,0.139,0.64,14980.0,0.18362907,74900.0
749,-6.2949266,1.0246193,0.23191138,0.3814734,0.138,0.64,15000.0,0.18362668,75000.0
750,-5.601578,1.0246298,0.23191471,0.38147244,0.161,0.6799999999999999,15020.0,0.18362975,75100.0
751,-5.0792446,1.0246251,0.23190899,0.38147467,0.13899999999999998,0.71,15040.0,0.18362823,75200.0
752,-5.597605,1.0246263,0.23190728,0.38147306,0.155,0.72,15060.0,0.18362075,75300.0
753,-7.527664,1.0246241,0.23190387,0.38146907,0.16,0.6599999999999999,15080.0,0.183611,75400.0
754,-5.709075,1.0246198,0.23190098,0.38146877,0.15000000000000002,0.7,15100.0,0.18359917,75500.0
755,-6.982737,1.0246305,0.23189822,0.38146505,0.162,0.68,15120.0,0.1835882,75600.0
756,-5.614518,1.0246358,0.23189545,0.3814599,0.15300000000000002,0.63,15140.0,0.1835821,75700.0
757,-5.2256494,1.0246446,0.23188369,0.3814579,0.148,0.64,15160.0,0.1835671,75800.0
758,-5.6205506,1.0246565,0.23188433,0.3814698,0.13799999999999998,0.6799999999999999,15180.0,0.18356366,75900.0
759,-5.52506,1.0246556,0.23188758,0.38146958,0.14899999999999997,0.7,15200.0,0.18356177,76000.0
760,-5.6858397,1.0246589,0.23188575,0.38146538,0.158,0.705,15220.0,0.1835514,76100.0
761,-6.265325,1.0246588,0.23188455,0.3814653,0.14100000000000001,0.64,15240.0,0.18354425,76200.0
762,-6.9090834,1.0246708,0.23188815,0.3814612,0.14200000000000002,0.625,15260.0,0.18353254,76300.0
763,-6.458356,1.0246813,0.23188901,0.38146347,0.14400000000000002,0.645,15280.0,0.18352804,76400.0
764,-5.8849745,1.0247011,0.2318937,0.38145828,0.134,0.685,15300.0,0.18352158,76500.0
765,-5.3233395,1.024699,0.23189406,0.38144907,0.14900000000000002,0.7300000000000001,15320.0,0.18351406,76600.0
766,-5.926427,1.0246987,0.23189394,0.38144523,0.163,0.6799999999999999,15340.0,0.18351026,76700.0
767,-5.5920324,1.0247021,0.23188534,0.38144785,0.16,0.745,15360.0,0.18350112,76800.0
768,-6.6796813,1.0247129,0.23188841,0.38144723,0.14300000000000002,0.7,15380.0,0.18349393,76900.0
769,-6.3729525,1.0247185,0.2318863,0.3814469,0.142,0.7,15400.0,0.18349238,77000.0
770,-4.944598,1.0247253,0.23188081,0.38144797,0.15000000000000002,0.72,15420.0,0.18348435,77100.0
771,-4.89111,1.0247343,0.23187622,0.38144523,0.14,0.765,15440.0,0.18347523,77200.0
772,-6.2064853,1.0247452,0.2318717,0.3814384,0.15100000000000002,0.6900000000000001,15460.0,0.18346038,77300.0
773,-6.1399446,1.0247576,0.23186746,0.3814408,0.158,0.65,15480.0,0.1834552,77400.0
774,-7.0372276,1.0247617,0.23186481,0.38145334,0.14,0.67,15500.0,0.18345194,77500.0
775,-5.403022,1.0247557,0.2318614,0.3814525,0.156,0.7,15520.0,0.18344915,77600.0
776,-7.2888694,1.0247533,0.23186095,0.3814539,0.16100000000000003,0.72,15540.0,0.183444,77700.0
777,-5.5519614,1.0247568,0.23186107,0.38145477,0.13999999999999999,0.69,15560.0,0.18344393,77800.0
778,-6.47148,1.02476,0.23186319,0.38145247,0.14100000000000001,0.5900000000000001,15580.0,0.18343431,77900.0
779,-6.7505584,1.024757,0.2318697,0.38144332,0.16,0.6599999999999999,15600.0,0.18342724,78000.0
780,-5.3479285,1.0247581,0.2318668,0.3814463,0.172,0.78,15620.0,0.18342349,78100.0
781,-6.698902,1.024755,0.23186663,0.3814493,0.14600000000000002,0.605,15640.0,0.1834181,78200.0
782,-5.432298,1.0247562,0.23186484,0.38145718,0.156,0.72,15660.0,0.1834175,78300.0
783,-5.6552825,1.0247514,0.23186222,0.38145453,0.125,0.76,15680.0,0.18340969,78400.0
784,-6.163964,1.0247467,0.23185635,0.38145757,0.14200000000000002,0.7150000000000001,15700.0,0.18340786,78500.0
785,-6.2521996,1.0247504,0.23185857,0.38145572,0.15899999999999997,0.625,15720.0,0.18340626,78600.0
786,-6.2772894,1.0247495,0.23185718,0.3814613,0.16599999999999998,0.7150000000000001,15740.0,0.18340844,78700.0
787,-4.9217286,1.024759,0.2318579,0.38145843,0.14400000000000002,0.72,15760.0,0.18341413,78800.0
788,-7.128071,1.0247595,0.23185869,0.38146,0.15499999999999997,0.635,15780.0,0.18341038,78900.0
789,-6.8844595,1.0247631,0.23185344,0.38146967,0.135,0.655,15800.0,0.18340662,79000.0
790,-6.442052,1.0247606,0.2318441,0.38146943,0.15899999999999997,0.695,15820.0,0.1833984,79100.0
791,-5.4552603,1.0247641,0.23184149,0.38147312,0.17200000000000001,0.705,15840.0,0.18338755,79200.0
792,-5.213318,1.0247598,0.23184168,0.38147503,0.146,0.6799999999999999,15860.0,0.18338785,79300.0
793,-6.1199107,1.0247581,0.23184207,0.38147435,0.156,0.6049999999999999,15880.0,0.18338662,79400.0
794,-6.3351684,1.0247608,0.23184028,0.38147312,0.136,0.62,15900.0,0.18337992,79500.0
795,-6.945943,1.0247633,0.23183227,0.38147026,0.16799999999999998,0.605,15920.0,0.18337306,79600.0
796,-5.2143226,1.0247654,0.23184137,0.38146743,0.153,0.6,15940.0,0.18336815,79700.0
797,-6.4268174,1.0247672,0.23183875,0.3814672,0.129,0.65,15960.0,0.18336806,79800.0
798,-6.2153487,1.0247749,0.23184013,0.3814602,0.152,0.62,15980.0,0.18336904,79900.0
799,-5.833354,1.0247757,0.23183723,0.38145655,0.15699999999999997,0.665,16000.0,0.18337122,80000.0
800,-5.6983314,1.02478,0.23183294,0.3814556,0.157,0.63,16020.0,0.18336979,80100.0
801,-5.123313,1.0247855,0.23183069,0.38144913,0.133,0.635,16040.0,0.1833607,80200.0
802,-6.379895,1.0247905,0.23182364,0.38145155,0.142,0.7,16060.0,0.18335323,80300.0
803,-6.8250875,1.0247962,0.23182555,0.38144642,0.139,0.6799999999999999,16080.0,0.18335006,80400.0
804,-5.9871683,1.0248016,0.23182607,0.38144445,0.14100000000000001,0.6900000000000001,16100.0,0.18335047,80500.0
805,-7.5298204,1.0248072,0.23182496,0.3814424,0.142,0.635,16120.0,0.1833469,80600.0
806,-6.793849,1.0248035,0.23182099,0.38144284,0.137,0.585,16140.0,0.18334171,80700.0
807,-5.143177,1.0247986,0.23181376,0.38144526,0.15100000000000002,0.665,16160.0,0.18334158,80800.0
808,-5.96434,1.0248084,0.23181315,0.38144207,0.15,0.675,16180.0,0.18333676,80900.0
809,-5.4396253,1.0248073,0.23181434,0.3814403,0.139,0.67,16200.0,0.18333566,81000.0
810,-4.7969236,1.0248048,0.23181024,0.38144106,0.184,0.775,16220.0,0.18332884,81100.0
811,-5.904718,1.0248058,0.23180763,0.38144094,0.135,0.625,16240.0,0.18332377,81200.0
812,-6.2065606,1.0247991,0.23180607,0.3814438,0.139,0.7150000000000001,16260.0,0.18332016,81300.0
813,-8.486262,1.024795,0.23179975,0.38144422,0.146,0.6050000000000001,16280.0,0.18331653,81400.0
814,-6.049109,1.0248019,0.23179635,0.38144857,0.14400000000000002,0.7,16300.0,0.18330759,81500.0
815,-7.2688613,1.0248067,0.2317954,0.38144737,0.166,0.67,16320.0,0.1833008,81600.0
816,-5.335569,1.0248101,0.2317945,0.38144535,0.14500000000000002,0.6649999999999999,16340.0,0.18329199,81700.0
817,-7.6616874,1.0248228,0.231796,0.38144356,0.138,0.6900000000000001,16360.0,0.18328106,81800.0
818,-5.285718,1.0248253,0.2317936,0.3814445,0.156,0.6950000000000001,16380.0,0.18327552,81900.0
819,-5.6623726,1.0248277,0.23178987,0.3814438,0.144,0.7,16400.0,0.18327144,82000.0
820,-5.8059096,1.024823,0.23178415,0.3814463,0.139,0.7050000000000001,16420.0,0.18327042,82100.0
821,-4.89714,1.0248225,0.23178284,0.3814567,0.16499999999999998,0.675,16440.0,0.18326905,82200.0
822,-5.7855597,1.0248207,0.23178029,0.38145763,0.14900000000000002,0.6599999999999999,16460.0,0.18326205,82300.0
823,-5.1398077,1.0248196,0.23177442,0.38145956,0.139,0.6700000000000002,16480.0,0.1832536,82400.0
824,-6.0113254,1.0248197,0.23177004,0.38145313,0.14200000000000002,0.68,16500.0,0.18325225,82500.0
825,-6.96239,1.024818,0.23176913,0.3814547,0.159,0.6599999999999999,16520.0,0.18325338,82600.0
826,-5.4582763,1.0248142,0.23176423,0.38146082,0.15500000000000003,0.735,16540.0,0.18325205,82700.0
827,-6.248436,1.0248156,0.23176165,0.3814618,0.15100000000000002,0.6849999999999999,16560.0,0.18325248,82800.0
828,-5.996698,1.0248227,0.23175916,0.38146177,0.144,0.71,16580.0,0.1832529,82900.0
829,-6.369456,1.0248172,0.2317539,0.38145313,0.154,0.6300000000000001,16600.0,0.18325055,83000.0
830,-6.526263,1.024818,0.23175153,0.38144666,0.158,0.7150000000000001,16620.0,0.18324447,83100.0
831,-5.8978047,1.0248172,0.23174544,0.3814513,0.15899999999999997,0.6599999999999999,16640.0,0.18324575,83200.0
832,-6.9641676,1.0248194,0.23174386,0.3814581,0.163,0.63,16660.0,0.18324308,83300.0
833,-6.356495,1.0248207,0.23173733,0.38146076,0.158,0.715,16680.0,0.18323621,83400.0
834,-5.920192,1.024821,0.23173527,0.38145977,0.16299999999999998,0.65,16700.0,0.18323079,83500.0
835,-5.5643277,1.0248258,0.23173466,0.3814593,0.124,0.7,16720.0,0.18322638,83600.0
836,-6.4508452,1.024832,0.2317315,0.3814555,0.13999999999999999,0.655,16740.0,0.18322238,83700.0
837,-6.7018356,1.0248315,0.23172884,0.381455,0.136,0.685,16760.0,0.18321839,83800.0
838,-6.6071243,1.0248303,0.23172894,0.38145018,0.158,0.635,16780.0,0.18321332,83900.0
839,-6.803659,1.0248251,0.23172274,0.38144916,0.15300000000000002,0.6300000000000001,16800.0,0.18321033,84000.0
840,-5.6721463,1.024823,0.23171814,0.38144833,0.159,0.745,16820.0,0.18320706,84100.0
841,-6.75715,1.0248203,0.23171568,0.3814412,0.155,0.725,16840.0,0.18320425,84200.0
842,-6.626101,1.0248181,0.23171535,0.38143617,0.144,0.6599999999999999,16860.0,0.18320593,84300.0
843,-5.1802835,1.02482,0.23171076,0.38143688,0.14200000000000002,0.665,16880.0,0.18320435,84400.0
844,-5.0208497,1.0248256,0.23170671,0.38143548,0.16,0.7300000000000001,16900.0,0.18319504,84500.0
845,-7.263047,1.0248263,0.23170789,0.38143688,0.14,0.62,16920.0,0.1831899,84600.0
846,-7.1494484,1.0248287,0.23170514,0.38143134,0.156,0.6849999999999999,16940.0,0.18318565,84700.0
847,-6.987178,1.0248363,0.23170583,0.38142473,0.14900000000000002,0.615,16960.0,0.18317854,84800.0
848,-6.0553117,1.0248438,0.23170045,0.381421,0.17099999999999999,0.65,16980.0,0.18317404,84900.0
849,-5.2227798,1.0248432,0.23169775,0.38142142,0.14,0.72,17000.0,0.1831713,85000.0
850,-5.594695,1.0248468,0.23170117,0.38142,0.16499999999999998,0.7100000000000001,17020.0,0.1831686,85100.0
851,-5.4036713,1.0248477,0.2317005,0.3814209,0.151,0.74,17040.0,0.18316394,85200.0
852,-6.0206785,1.0248473,0.2316986,0.3814159,0.17600000000000002,0.725,17060.0,0.1831564,85300.0
853,-5.1482024,1.0248456,0.2317028,0.38141584,0.16,0.7150000000000001,17080.0,0.18315239,85400.0
854,-5.6330976,1.0248505,0.23169966,0.38142014,0.16799999999999998,0.76,17100.0,0.18314436,85500.0
855,-5.743236,1.0248456,0.23169811,0.38142198,0.155,0.72,17120.0,0.18314,85600.0
856,-5.3697906,1.0248454,0.23169903,0.38141793,0.14700000000000002,0.725,17140.0,0.18313533,85700.0
857,-5.286321,1.0248525,0.23169784,0.38141924,0.162,0.75,17160.0,0.18312904,85800.0
858,-6.4957595,1.0248528,0.23169775,0.38142553,0.177,0.6799999999999999,17180.0,0.18312481,85900.0
859,-6.3345795,1.0248597,0.23169413,0.38142747,0.17099999999999999,0.635,17200.0,0.18312177,86000.0
860,-5.5004215,1.0248678,0.23169485,0.3814314,0.125,0.6200000000000001,17220.0,0.18312223,86100.0
861,-4.8054633,1.0248678,0.23168823,0.38143724,0.13,0.6799999999999999,17240.0,0.18311962,86200.0
862,-6.217206,1.0248743,0.2316874,0.3814314,0.16799999999999998,0.65,17260.0,0.18311448,86300.0
863,-5.6538377,1.0248725,0.23168945,0.38142866,0.14900000000000002,0.705,17280.0,0.18310185,86400.0
864,-6.817828,1.0248759,0.23168819,0.38142806,0.137,0.655,17300.0,0.18309346,86500.0
865,-5.204486,1.0248809,0.23168945,0.38143164,0.17099999999999999,0.7649999999999999,17320.0,0.18309192,86600.0
866,-6.1130834,1.0248826,0.23168507,0.3814315,0.14200000000000002,0.695,17340.0,0.18308944,86700.0
867,-5.3601923,1.0248802,0.23168397,0.3814339,0.16899999999999998,0.665,17360.0,0.1830874,86800.0
868,-6.6470084,1.0248791,0.23168245,0.3814302,0.147,0.675,17380.0,0.18308511,86900.0
869,-6.5826178,1.0248744,0.23167479,0.3814382,0.15300000000000002,0.615,17400.0,0.18308549,87000.0
870,-6.359542,1.0248723,0.23167369,0.38143855,0.16,0.6900000000000001,17420.0,0.183081,87100.0
871,-5.5151715,1.0248668,0.23167257,0.38144025,0.152,0.715,17440.0,0.18307218,87200.0
872,-4.9767494,1.0248659,0.23167162,0.38143405,0.157,0.755,17460.0,0.18306294,87300.0
873,-6.0741944,1.0248663,0.2316711,0.38143396,0.15,0.625,17480.0,0.18305881,87400.0
874,-6.060439,1.0248724,0.23166506,0.38143772,0.159,0.66,17500.0,0.18305531,87500.0
875,-6.177225,1.0248737,0.23166092,0.38143665,0.14800000000000002,0.6900000000000001,17520.0,0.18305162,87600.0
876,-4.967412,1.0248721,0.23165718,0.38143295,0.155,0.74,17540.0,0.1830478,87700.0
877,-7.01147,1.024877,0.23165306,0.38143167,0.164,0.6300000000000001,17560.0,0.18304169,87800.0
878,-5.6318398,1.02488,0.23165092,0.38142258,0.144,0.685,17580.0,0.18303218,87900.0
879,-5.764533,1.024878,0.23164654,0.38143173,0.159,0.675,17600.0,0.18302748,88000.0
880,-4.599709,1.024884,0.23164253,0.38143188,0.162,0.665,17620.0,0.18302345,88100.0
881,-5.4600844,1.024884,0.2316405,0.3814308,0.16299999999999998,0.75,17640.0,0.18302122,88200.0
882,-5.9452715,1.0248864,0.23163669,0.38143268,0.16299999999999998,0.745,17660.0,0.1830172,88300.0
883,-5.6130996,1.0248903,0.23163076,0.38143748,0.148,0.6849999999999999,17680.0,0.18301253,88400.0
884,-5.5624824,1.0248934,0.23163345,0.38143563,0.14800000000000002,0.67,17700.0,0.18300872,88500.0
885,-4.907244,1.0248963,0.2316304,0.3814401,0.16,0.7250000000000001,17720.0,0.18300346,88600.0
886,-4.9823203,1.0249017,0.23163097,0.38143855,0.148,0.7299999999999999,17740.0,0.18299644,88700.0
887,-5.7466073,1.0249065,0.23162632,0.38143963,0.18,0.7200000000000001,17760.0,0.18299153,88800.0
888,-5.4412413,1.0249102,0.23162487,0.3814342,0.16399999999999998,0.6849999999999999,17780.0,0.1829848,88900.0
889,-5.423809,1.0249159,0.23162279,0.3814291,0.148,0.6950000000000001,17800.0,0.18297589,89000.0
890,-5.974496,1.0249246,0.23162214,0.38142866,0.13999999999999999,0.7,17820.0,0.1829763,89100.0
891,-6.0267906,1.0249264,0.23161897,0.38142914,0.14700000000000002,0.675,17840.0,0.18296897,89200.0
892,-6.0097237,1.0249258,0.23161717,0.38142043,0.15300000000000002,0.65,17860.0,0.18296364,89300.0
893,-5.8038316,1.0249268,0.23161614,0.38142323,0.16299999999999998,0.6449999999999999,17880.0,0.18296176,89400.0
894,-6.3059893,1.0249313,0.23161194,0.3814279,0.158,0.6899999999999998,17900.0,0.18295762,89500.0
895,-5.472515,1.0249319,0.23160592,0.38142395,0.151,0.735,17920.0,0.18295328,89600.0
896,-6.2462754,1.0249313,0.23160617,0.38142413,0.147,0.74,17940.0,0.18294692,89700.0
897,-4.7774496,1.024938,0.23160318,0.3814248,0.14500000000000002,0.7299999999999999,17960.0,0.18294445,89800.0
898,-5.8018003,1.0249373,0.23159924,0.38141888,0.14900000000000002,0.655,17980.0,0.18293634,89900.0
899,-6.3166223,1.0249455,0.23159957,0.38141698,0.143,0.625,18000.0,0.18292972,90000.0
900,-5.6102815,1.0249488,0.23159628,0.38141674,0.15,0.67,18020.0,0.18292484,90100.0
901,-6.070056,1.0249525,0.2315954,0.3814136,0.16,0.6950000000000001,18040.0,0.18292248,90200.0
902,-5.65418,1.0249531,0.23159823,0.38140792,0.139,0.7100000000000001,18060.0,0.18291788,90300.0
903,-6.8984246,1.0249523,0.23159797,0.3814122,0.15,0.6299999999999999,18080.0,0.18291488,90400.0
904,-4.7998314,1.0249532,0.23159799,0.3814078,0.131,0.71,18100.0,0.18291232,90500.0
905,-5.6299334,1.0249553,0.23159878,0.3814076,0.155,0.665,18120.0,0.18290992,90600.0
906,-5.829553,1.0249593,0.23159719,0.38140386,0.14100000000000001,0.6300000000000001,18140.0,0.18290615,90700.0
907,-5.6377172,1.0249648,0.2315959,0.3814094,0.146,0.6900000000000001,18160.0,0.18290941,90800.0
908,-5.550635,1.0249693,0.23159304,0.38141078,0.15999999999999998,0.6699999999999999,18180.0,0.18290979,90900.0
909,-5.2806306,1.0249693,0.23159261,0.3814102,0.159,0.7449999999999999,18200.0,0.18290904,91000.0
910,-5.8858156,1.0249684,0.2315915,0.3814113,0.14400000000000002,0.7,18220.0,0.18290892,91100.0
911,-5.1238937,1.0249712,0.23158307,0.38141185,0.16,0.7,18240.0,0.18290213,91200.0
912,-6.8189874,1.0249773,0.23157553,0.38141543,0.156,0.615,18260.0,0.1828992,91300.0
913,-5.2512126,1.0249761,0.23157552,0.3814168,0.173,0.6799999999999999,18280.0,0.18289489,91400.0
914,-4.9028015,1.0249846,0.23157473,0.381418,0.15700000000000003,0.775,18300.0,0.18288973,91500.0
915,-6.497489,1.0249836,0.23157176,0.38141483,0.144,0.6900000000000001,18320.0,0.18288025,91600.0
916,-6.2691545,1.0249789,0.23156658,0.3814178,0.142,0.705,18340.0,0.18287513,91700.0
917,-5.756339,1.0249813,0.2315627,0.3814221,0.14600000000000002,0.7449999999999999,18360.0,0.18287584,91800.0
918,-6.3479705,1.0249798,0.23155594,0.38142258,0.148,0.625,18380.0,0.18287858,91900.0
919,-5.76803,1.0249784,0.23155494,0.3814245,0.15000000000000002,0.7,18400.0,0.18287225,92000.0
920,-4.7073646,1.0249853,0.2315534,0.38142556,0.127,0.72,18420.0,0.18287298,92100.0
921,-5.6256742,1.0249904,0.2315515,0.38142198,0.128,0.74,18440.0,0.182874,92200.0
922,-4.9519415,1.0249991,0.23154584,0.381432,0.149,0.72,18460.0,0.18287146,92300.0
923,-5.360476,1.0250034,0.23153932,0.381432,0.166,0.7100000000000001,18480.0,0.18286872,92400.0
924,-5.516965,1.0250134,0.23154104,0.38143378,0.15300000000000002,0.6950000000000001,18500.0,0.18287203,92500.0
925,-4.9122458,1.0250208,0.23153754,0.3814362,0.192,0.72,18520.0,0.18287244,92600.0
926,-5.701691,1.0250266,0.23153552,0.38144174,0.146,0.6799999999999999,18540.0,0.18286824,92700.0
927,-4.6273565,1.0250355,0.2315329,0.38143903,0.15699999999999997,0.7350000000000001,18560.0,0.18286294,92800.0
928,-5.4811945,1.0250406,0.23152967,0.38144135,0.16100000000000003,0.695,18580.0,0.1828588,92900.0
929,-5.8551245,1.0250497,0.23152554,0.38143834,0.15,0.72,18600.0,0.1828607,93000.0
930,-4.8198495,1.0250585,0.23152216,0.38143635,0.158,0.7100000000000001,18620.0,0.18286166,93100.0
931,-5.5192313,1.0250571,0.23152252,0.38143808,0.168,0.735,18640.0,0.18286589,93200.0
932,-6.1267014,1.0250603,0.23151955,0.38143927,0.153,0.64,18660.0,0.18285868,93300.0
933,-6.503705,1.0250623,0.23151974,0.38143367,0.14900000000000002,0.685,18680.0,0.1828514,93400.0
934,-6.3455725,1.0250652,0.23151743,0.38142863,0.166,0.7,18700.0,0.18284625,93500.0
935,-6.2054067,1.0250647,0.23151562,0.38143048,0.13,0.63,18720.0,0.18284133,93600.0
936,-4.8082356,1.025069,0.2315098,0.38142997,0.151,0.745,18740.0,0.18283768,93700.0
937,-4.2494206,1.0250723,0.23150691,0.3814283,0.14500000000000002,0.765,18760.0,0.18283348,93800.0
938,-4.467332,1.0250683,0.23150353,0.381426,0.15,0.7699999999999999,18780.0,0.18283138,93900.0
939,-5.3402314,1.0250709,0.23150149,0.3814234,0.137,0.71,18800.0,0.18283007,94000.0
940,-5.8996,1.025079,0.231498,0.38142538,0.15699999999999997,0.6449999999999999,18820.0,0.18282649,94100.0
941,-6.1281013,1.025087,0.23149125,0.38143,0.149,0.74,18840.0,0.18281908,94200.0
942,-5.503579,1.0250914,0.23148923,0.38142872,0.147,0.7,18860.0,0.18281212,94300.0
943,-4.6911407,1.0250937,0.23148434,0.38143915,0.15699999999999997,0.6900000000000001,18880.0,0.18280952,94400.0
944,-5.042596,1.0250988,0.23148099,0.38144642,0.15,0.7649999999999999,18900.0,0.18280785,94500.0
945,-5.9308505,1.0251036,0.23148029,0.38145083,0.157,0.76,18920.0,0.18280801,94600.0
946,-6.141163,1.0251062,0.23147674,0.38145313,0.14700000000000002,0.655,18940.0,0.182807,94700.0
947,-5.6854935,1.0251156,0.23147683,0.38145536,0.15300000000000002,0.715,18960.0,0.18280679,94800.0
948,-6.3688445,1.0251226,0.23147468,0.38146266,0.14500000000000002,0.625,18980.0,0.18280539,94900.0
949,-6.403807,1.0251286,0.23147218,0.38146552,0.158,0.735,19000.0,0.18280762,95000.0
950,-5.3858747,1.0251318,0.23147032,0.381473,0.18,0.7,19020.0,0.18280876,95100.0
951,-4.55476,1.0251372,0.23146729,0.3814714,0.14300000000000002,0.745,19040.0,0.18280521,95200.0
952,-6.5313234,1.025141,0.23146875,0.38147265,0.166,0.66,19060.0,0.18280403,95300.0
953,-5.171632,1.0251415,0.23146781,0.38147783,0.137,0.7100000000000001,19080.0,0.18279979,95400.0
954,-5.474265,1.0251403,0.23146541,0.3814799,0.152,0.7849999999999999,19100.0,0.18279815,95500.0
955,-5.9137716,1.0251443,0.2314668,0.38147372,0.128,0.6849999999999999,19120.0,0.18279776,95600.0
956,-5.8057055,1.0251462,0.23146129,0.38147503,0.156,0.655,19140.0,0.1827981,95700.0
957,-5.482994,1.025152,0.23146121,0.38147506,0.139,0.695,19160.0,0.18280318,95800.0
958,-4.6294603,1.0251584,0.23145619,0.38147396,0.16799999999999998,0.72,19180.0,0.18280396,95900.0
959,-4.9405594,1.0251634,0.23145385,0.3814706,0.154,0.76,19200.0,0.18280777,96000.0
960,-4.6587815,1.0251623,0.23145242,0.38147098,0.15,0.795,19220.0,0.18280524,96100.0
961,-5.7383776,1.0251629,0.2314485,0.3814692,0.17,0.7050000000000001,19240.0,0.1828002,96200.0
962,-4.9365926,1.0251722,0.2314456,0.38146836,0.154,0.6900000000000001,19260.0,0.18279478,96300.0
963,-5.718297,1.0251782,0.23144355,0.38146645,0.16699999999999998,0.6950000000000001,19280.0,0.1827878,96400.0
964,-5.8635955,1.0251801,0.23144133,0.38146907,0.14500000000000002,0.665,19300.0,0.18278739,96500.0
965,-4.797138,1.0251844,0.2314388,0.3814713,0.15699999999999997,0.7150000000000001,19320.0,0.1827895,96600.0
966,-6.5036316,1.0251892,0.23143569,0.3814718,0.15,0.715,19340.0,0.18278575,96700.0
967,-6.590619,1.0251973,0.23143892,0.38147187,0.16799999999999998,0.63,19360.0,0.18278342,96800.0
968,-7.0410514,1.0252018,0.2314399,0.38147053,0.16699999999999998,0.6799999999999999,19380.0,0.18278101,96900.0
969,-6.0561647,1.025197,0.23143797,0.3814668,0.14800000000000002,0.6599999999999999,19400.0,0.18277818,97000.0
970,-5.78061,1.0252006,0.23143706,0.3814649,0.16099999999999998,0.6699999999999999,19420.0,0.1827775,97100.0
971,-5.6539564,1.0252016,0.23143597,0.38146338,0.158,0.7050000000000001,19440.0,0.18277156,97200.0
972,-5.878571,1.0251992,0.23143664,0.38146037,0.14500000000000002,0.6450000000000001,19460.0,0.18277106,97300.0
973,-4.7288523,1.025207,0.23143753,0.38145694,0.137,0.75,19480.0,0.18276873,97400.0
974,-5.9212627,1.0252063,0.23143788,0.381461,0.14200000000000002,0.7,19500.0,0.18276837,97500.0
975,-5.909374,1.025209,0.23143587,0.3814651,0.15700000000000003,0.74,19520.0,0.18276799,97600.0
976,-5.790133,1.0252111,0.23143554,0.38146716,0.152,0.745,19540.0,0.18276481,97700.0
977,-5.822488,1.0252147,0.23143823,0.381468,0.162,0.7,19560.0,0.182758,97800.0
978,-6.140483,1.0252167,0.23143509,0.38146758,0.138,0.6700000000000002,19580.0,0.18275496,97900.0
979,-6.389646,1.0252206,0.23143339,0.381468,0.16,0.665,19600.0,0.18275037,98000.0
980,-6.5459013,1.0252187,0.23142667,0.38147146,0.14800000000000002,0.6799999999999999,19620.0,0.18275078,98100.0
981,-6.301243,1.0252196,0.2314245,0.38147306,0.16399999999999998,0.7249999999999999,19640.0,0.18275166,98200.0
982,-4.376921,1.0252249,0.23142214,0.38147253,0.14500000000000002,0.735,19660.0,0.18275562,98300.0
983,-6.0958023,1.0252268,0.23141687,0.3814723,0.17099999999999999,0.6950000000000001,19680.0,0.18275705,98400.0
984,-6.156229,1.0252268,0.23141257,0.38146764,0.16899999999999998,0.655,19700.0,0.18275526,98500.0
985,-6.2543564,1.0252273,0.23141122,0.3814705,0.179,0.6900000000000001,19720.0,0.1827555,98600.0
986,-5.418862,1.0252388,0.23141344,0.38146764,0.16699999999999998,0.675,19740.0,0.18275493,98700.0
987,-4.2331405,1.025244,0.23141138,0.38146955,0.154,0.7150000000000001,19760.0,0.18275362,98800.0
988,-4.937265,1.0252535,0.23141196,0.38147372,0.149,0.71,19780.0,0.18275407,98900.0
989,-5.340901,1.0252578,0.23140578,0.3814737,0.139,0.6849999999999999,19800.0,0.1827533,99000.0
990,-4.9700904,1.0252663,0.23140159,0.38147345,0.135,0.7350000000000001,19820.0,0.18275622,99100.0
991,-4.333173,1.0252748,0.23140252,0.38146958,0.168,0.7700000000000001,19840.0,0.18275376,99200.0
992,-4.8005037,1.0252861,0.23140483,0.3814664,0.16299999999999998,0.74,19860.0,0.18275532,99300.0
993,-4.9782934,1.0252907,0.23140442,0.38146538,0.183,0.655,19880.0,0.18275361,99400.0
994,-5.499212,1.0252855,0.23140076,0.3814621,0.17099999999999999,0.755,19900.0,0.18275285,99500.0
995,-5.641565,1.0252848,0.23139992,0.38145956,0.14900000000000002,0.7550000000000001,19920.0,0.18275622,99600.0
996,-5.4056296,1.02529,0.23140225,0.38145715,0.16,0.72,19940.0,0.18275568,99700.0
997,-6.1009507,1.0252912,0.23140302,0.38145596,0.13999999999999999,0.6799999999999999,19960.0,0.18275209,99800.0
998,-7.9265122,1.0252886,0.23140112,0.38145798,0.15,0.6649999999999999,19980.0,0.18274803,99900.0
999,-5.452956,1.0252844,0.23140211,0.38145953,0.15300000000000002,0.725,20000.0,0.18274836,100000.0
